日期,股票代码,名称,收盘价,最高价,最低价,开盘价,前收盘,涨跌额,PCH
2017-10-13,'601700,风范股份,7.57,7.61,7.45,7.51,7.55,0.02,
2017-10-12,'601700,风范股份,7.55,7.59,7.38,7.52,7.58,-0.03,
2017-10-11,'601700,风范股份,7.58,7.63,7.41,7.46,7.42,0.16,
2017-10-10,'601700,风范股份,7.42,7.47,7.35,7.43,7.47,-0.05,
2017-10-09,'601700,风范股份,7.47,7.64,7.35,7.5,7.46,0.01,
2017-09-29,'601700,风范股份,7.46,7.47,7.26,7.26,7.29,0.17,
2017-09-28,'601700,风范股份,7.29,7.42,7.15,7.15,7.2,0.09,
2017-09-27,'601700,风范股份,7.2,7.25,7.15,7.17,7.22,-0.02,
2017-09-26,'601700,风范股份,7.22,7.41,7.1,7.11,7.19,0.03,
2017-09-25,'601700,风范股份,7.19,7.24,7.04,7.15,7.19,0.0,
2017-09-22,'601700,风范股份,7.19,7.26,7.1,7.11,7.16,0.03,
2017-09-21,'601700,风范股份,7.16,7.24,7.09,7.12,7.16,0.0,
2017-09-20,'601700,风范股份,7.16,7.27,7.07,7.07,7.14,0.02,
2017-09-19,'601700,风范股份,7.14,7.18,7.03,7.11,7.11,0.03,
2017-09-18,'601700,风范股份,7.11,7.22,7.08,7.13,7.16,-0.05,
2017-09-15,'601700,风范股份,7.16,7.18,6.92,7.02,7.0,0.16,
2017-09-14,'601700,风范股份,7.0,7.07,6.6,6.61,6.65,0.35,
2017-09-13,'601700,风范股份,6.65,6.68,6.63,6.67,6.71,-0.06,
2017-09-12,'601700,风范股份,6.71,6.87,6.69,6.84,6.9,-0.19,
2017-09-11,'601700,风范股份,6.9,7.09,6.83,6.9,6.91,-0.01,
2017-09-08,'601700,风范股份,6.91,7.07,6.7,6.75,6.75,0.16,
2017-09-07,'601700,风范股份,6.75,6.77,6.63,6.63,6.72,0.03,
2017-09-06,'601700,风范股份,6.72,6.74,6.6,6.67,6.7,0.02,
2017-09-05,'601700,风范股份,6.7,6.8,6.52,6.55,6.58,0.12,
2017-09-04,'601700,风范股份,6.58,6.59,6.5,6.5,6.56,0.02,
2017-09-01,'601700,风范股份,6.56,6.63,6.46,6.52,6.56,0.0,
2017-08-31,'601700,风范股份,6.56,6.6,6.36,6.5,6.56,0.0,
2017-08-30,'601700,风范股份,6.56,6.69,6.38,6.6,6.67,-0.11,
2017-08-29,'601700,风范股份,6.67,6.91,6.56,6.59,6.6,0.07,
2017-08-28,'601700,风范股份,6.6,6.61,6.47,6.51,6.52,0.08,
2017-08-25,'601700,风范股份,6.52,6.57,6.4,6.46,6.51,0.01,
2017-08-24,'601700,风范股份,6.51,6.58,6.45,6.57,6.54,-0.03,
2017-08-23,'601700,风范股份,6.54,6.59,6.41,6.47,6.53,0.01,
2017-08-22,'601700,风范股份,6.53,6.61,6.41,6.5,6.5,0.03,
2017-08-21,'601700,风范股份,6.5,6.53,6.28,6.31,6.31,0.19,
2017-08-18,'601700,风范股份,6.31,6.33,6.27,6.31,6.3,0.01,
2017-08-17,'601700,风范股份,6.3,6.37,6.25,6.31,6.32,-0.02,
2017-08-16,'601700,风范股份,6.32,6.35,6.2,6.25,6.46,-0.14,
2017-08-15,'601700,风范股份,6.46,6.56,6.43,6.52,6.58,-0.12,
2017-08-14,'601700,风范股份,6.58,6.66,6.46,6.55,6.49,0.09,
2017-08-11,'601700,风范股份,6.49,6.87,6.28,6.84,6.95,-0.46,
2017-08-10,'601700,风范股份,6.95,7.05,6.71,6.71,6.86,0.09,
2017-08-09,'601700,风范股份,6.86,6.92,6.56,6.73,6.84,0.02,
2017-08-08,'601700,风范股份,6.84,6.89,6.3,6.4,6.38,0.46,
2017-08-07,'601700,风范股份,6.38,6.38,5.77,5.81,5.8,0.58,
2017-08-04,'601700,风范股份,5.8,5.81,5.74,5.76,5.76,0.04,
2017-08-03,'601700,风范股份,5.76,5.79,5.73,5.74,5.75,0.01,
2017-08-02,'601700,风范股份,5.75,5.83,5.75,5.83,5.83,-0.08,
2017-08-01,'601700,风范股份,5.83,5.83,5.74,5.78,5.79,0.04,
2017-07-31,'601700,风范股份,5.79,5.81,5.74,5.81,5.79,0.0,
2017-07-28,'601700,风范股份,5.79,5.85,5.75,5.79,5.81,-0.02,
2017-07-27,'601700,风范股份,5.81,5.81,5.7,5.74,5.73,0.08,
2017-07-26,'601700,风范股份,5.73,5.81,5.7,5.81,5.78,-0.05,
2017-07-25,'601700,风范股份,5.78,5.81,5.75,5.79,5.77,0.01,
2017-07-24,'601700,风范股份,5.77,5.8,5.72,5.77,5.76,0.01,
2017-07-21,'601700,风范股份,5.76,5.81,5.73,5.77,5.79,-0.03,
2017-07-20,'601700,风范股份,5.79,5.87,5.79,5.8,5.8,-0.01,
2017-07-19,'601700,风范股份,5.8,5.96,5.71,5.76,5.71,0.09,
2017-07-18,'601700,风范股份,5.71,5.73,5.63,5.63,5.67,0.04,
2017-07-17,'601700,风范股份,5.67,6.08,5.62,6.06,6.04,-0.37,
2017-07-14,'601700,风范股份,6.04,6.07,6.02,6.05,6.05,-0.01,
2017-07-13,'601700,风范股份,6.05,6.16,6.04,6.09,6.07,-0.02,
2017-07-12,'601700,风范股份,6.07,6.1,6.01,6.1,6.09,-0.02,
2017-07-11,'601700,风范股份,6.09,6.19,6.07,6.18,6.18,-0.09,
2017-07-10,'601700,风范股份,6.18,6.19,6.03,6.05,6.05,0.13,
2017-07-07,'601700,风范股份,6.05,6.07,6.01,6.07,6.07,-0.02,
2017-07-06,'601700,风范股份,6.07,6.11,6.02,6.09,6.09,-0.02,
2017-07-05,'601700,风范股份,6.09,6.11,6.01,6.06,6.07,0.02,
2017-07-04,'601700,风范股份,6.07,6.14,6.04,6.06,6.08,-0.01,
2017-07-03,'601700,风范股份,6.08,6.09,5.98,6.02,5.99,0.09,
2017-06-30,'601700,风范股份,5.99,6.0,5.96,6.0,6.0,-0.01,
2017-06-29,'601700,风范股份,6.0,6.04,5.99,6.01,5.99,0.01,
2017-06-28,'601700,风范股份,5.99,6.08,5.97,6.07,6.06,-0.07,
2017-06-27,'601700,风范股份,6.06,6.07,5.96,5.97,5.96,0.1,
2017-06-26,'601700,风范股份,5.96,5.96,5.87,5.88,5.88,0.08,
2017-06-23,'601700,风范股份,5.88,5.92,5.8,5.9,5.9,-0.02,
2017-06-22,'601700,风范股份,5.9,6.01,5.88,5.98,6.0,-0.1,
2017-06-21,'601700,风范股份,6.0,6.04,5.94,6.01,6.01,-0.01,
2017-06-20,'601700,风范股份,6.01,6.03,5.94,5.95,5.94,0.07,
2017-06-19,'601700,风范股份,5.94,5.97,5.91,5.93,5.92,0.02,
2017-06-16,'601700,风范股份,5.92,6.01,5.9,5.98,5.95,-0.03,
2017-06-15,'601700,XD风范股,5.95,5.99,5.87,5.9,5.93,0.02,
2017-06-14,'601700,风范股份,6.08,6.08,5.99,6.05,6.03,0.05,
2017-06-13,'601700,风范股份,6.03,6.05,5.92,5.92,5.95,0.08,
2017-06-12,'601700,风范股份,5.95,6.14,5.91,6.14,6.13,-0.18,
2017-06-09,'601700,风范股份,6.13,6.14,6.04,6.09,6.08,0.05,
2017-06-08,'601700,风范股份,6.08,6.11,6.04,6.08,6.07,0.01,
2017-06-07,'601700,风范股份,6.07,6.07,5.95,5.98,5.98,0.09,
2017-06-06,'601700,风范股份,5.98,6.03,5.95,6.03,5.97,0.01,
2017-06-05,'601700,风范股份,5.97,5.98,5.87,5.92,5.91,0.06,
2017-06-02,'601700,风范股份,5.91,5.94,5.7,5.87,5.88,0.03,
2017-06-01,'601700,风范股份,5.88,6.07,5.86,6.04,6.05,-0.17,
2017-05-31,'601700,风范股份,6.05,6.18,6.05,6.15,6.1,-0.05,
2017-05-26,'601700,风范股份,6.1,6.14,6.05,6.09,6.1,0.0,
2017-05-25,'601700,风范股份,6.1,6.15,5.93,6.08,6.1,0.0,
2017-05-24,'601700,风范股份,6.1,6.25,6.0,6.25,6.25,-0.15,
2017-05-23,'601700,风范股份,6.25,6.36,6.13,6.36,6.4,-0.15,
2017-05-22,'601700,风范股份,6.4,6.49,6.34,6.37,6.37,0.03,
2017-05-19,'601700,风范股份,6.37,6.54,6.22,6.22,6.23,0.14,
2017-05-18,'601700,风范股份,6.23,6.29,6.22,6.29,6.29,-0.06,
2017-05-17,'601700,风范股份,6.29,6.38,6.27,6.28,6.31,-0.02,
2017-05-16,'601700,风范股份,6.31,6.32,6.18,6.2,6.23,0.08,
2017-05-15,'601700,风范股份,6.23,6.28,6.19,6.25,6.2,0.03,
2017-05-12,'601700,风范股份,6.2,6.33,6.15,6.29,6.33,-0.13,
2017-05-11,'601700,风范股份,6.33,6.42,6.11,6.39,6.43,-0.1,
2017-05-10,'601700,风范股份,6.43,6.64,6.42,6.61,6.62,-0.19,
2017-05-09,'601700,风范股份,6.62,6.74,6.52,6.71,6.69,-0.07,
2017-05-08,'601700,风范股份,6.69,6.84,6.66,6.7,6.8,-0.11,
2017-05-05,'601700,风范股份,6.8,6.91,6.67,6.88,6.99,-0.19,
2017-05-04,'601700,风范股份,6.99,7.31,6.86,6.86,7.62,-0.63,
2017-05-03,'601700,风范股份,7.62,7.62,7.62,7.62,8.47,-0.85,
2017-05-02,'601700,风范股份,0.0,0.0,0.0,0.0,8.47,None,
2017-04-28,'601700,风范股份,0.0,0.0,0.0,0.0,8.47,None,
2017-04-27,'601700,风范股份,0.0,0.0,0.0,0.0,8.47,None,
2017-04-26,'601700,风范股份,0.0,0.0,0.0,0.0,8.47,None,
2017-04-25,'601700,风范股份,0.0,0.0,0.0,0.0,8.47,None,
2017-04-24,'601700,风范股份,0.0,0.0,0.0,0.0,8.47,None,
2017-04-21,'601700,风范股份,0.0,0.0,0.0,0.0,8.47,None,
2017-04-20,'601700,风范股份,0.0,0.0,0.0,0.0,8.47,None,
2017-04-19,'601700,风范股份,0.0,0.0,0.0,0.0,8.47,None,
2017-04-18,'601700,风范股份,0.0,0.0,0.0,0.0,8.47,None,
2017-04-17,'601700,风范股份,0.0,0.0,0.0,0.0,8.47,None,
2017-04-14,'601700,风范股份,0.0,0.0,0.0,0.0,8.47,None,
2017-04-13,'601700,风范股份,0.0,0.0,0.0,0.0,8.47,None,
2017-04-12,'601700,风范股份,0.0,0.0,0.0,0.0,8.47,None,
2017-04-11,'601700,风范股份,0.0,0.0,0.0,0.0,8.47,None,
2017-04-10,'601700,风范股份,0.0,0.0,0.0,0.0,8.47,None,
2017-04-07,'601700,风范股份,0.0,0.0,0.0,0.0,8.47,None,
2017-04-06,'601700,风范股份,0.0,0.0,0.0,0.0,8.47,None,
2017-04-05,'601700,风范股份,0.0,0.0,0.0,0.0,8.47,None,
2017-03-31,'601700,风范股份,0.0,0.0,0.0,0.0,8.47,None,
2017-03-30,'601700,风范股份,0.0,0.0,0.0,0.0,8.47,None,
2017-03-29,'601700,风范股份,0.0,0.0,0.0,0.0,8.47,None,
2017-03-28,'601700,风范股份,0.0,0.0,0.0,0.0,8.47,None,
2017-03-27,'601700,风范股份,0.0,0.0,0.0,0.0,8.47,None,
2017-03-24,'601700,风范股份,0.0,0.0,0.0,0.0,8.47,None,
2017-03-23,'601700,风范股份,0.0,0.0,0.0,0.0,8.47,None,
2017-03-22,'601700,风范股份,0.0,0.0,0.0,0.0,8.47,None,
2017-03-21,'601700,风范股份,0.0,0.0,0.0,0.0,8.47,None,
2017-03-20,'601700,风范股份,0.0,0.0,0.0,0.0,8.47,None,
2017-03-17,'601700,风范股份,0.0,0.0,0.0,0.0,8.47,None,
2017-03-16,'601700,风范股份,0.0,0.0,0.0,0.0,8.47,None,
2017-03-15,'601700,风范股份,0.0,0.0,0.0,0.0,8.47,None,
2017-03-14,'601700,风范股份,0.0,0.0,0.0,0.0,8.47,None,
2017-03-13,'601700,风范股份,0.0,0.0,0.0,0.0,8.47,None,
2017-03-10,'601700,风范股份,0.0,0.0,0.0,0.0,8.47,None,
2017-03-09,'601700,风范股份,0.0,0.0,0.0,0.0,8.47,None,
2017-03-08,'601700,风范股份,0.0,0.0,0.0,0.0,8.47,None,
2017-03-07,'601700,风范股份,0.0,0.0,0.0,0.0,8.47,None,
2017-03-06,'601700,风范股份,0.0,0.0,0.0,0.0,8.47,None,
2017-03-03,'601700,风范股份,0.0,0.0,0.0,0.0,8.47,None,
2017-03-02,'601700,风范股份,0.0,0.0,0.0,0.0,8.47,None,
2017-03-01,'601700,风范股份,0.0,0.0,0.0,0.0,8.47,None,
2017-02-28,'601700,风范股份,0.0,0.0,0.0,0.0,8.47,None,
2017-02-27,'601700,风范股份,0.0,0.0,0.0,0.0,8.47,None,
2017-02-24,'601700,风范股份,0.0,0.0,0.0,0.0,8.47,None,
2017-02-23,'601700,风范股份,0.0,0.0,0.0,0.0,8.47,None,
2017-02-22,'601700,风范股份,0.0,0.0,0.0,0.0,8.47,None,
2017-02-21,'601700,风范股份,0.0,0.0,0.0,0.0,8.47,None,
2017-02-20,'601700,风范股份,0.0,0.0,0.0,0.0,8.47,None,
2017-02-17,'601700,风范股份,0.0,0.0,0.0,0.0,8.47,None,
2017-02-16,'601700,风范股份,0.0,0.0,0.0,0.0,8.47,None,
2017-02-15,'601700,风范股份,0.0,0.0,0.0,0.0,8.47,None,
2017-02-14,'601700,风范股份,0.0,0.0,0.0,0.0,8.47,None,
2017-02-13,'601700,风范股份,0.0,0.0,0.0,0.0,8.47,None,
2017-02-10,'601700,风范股份,0.0,0.0,0.0,0.0,8.47,None,
2017-02-09,'601700,风范股份,0.0,0.0,0.0,0.0,8.47,None,
2017-02-08,'601700,风范股份,0.0,0.0,0.0,0.0,8.47,None,
2017-02-07,'601700,风范股份,0.0,0.0,0.0,0.0,8.47,None,
2017-02-06,'601700,风范股份,0.0,0.0,0.0,0.0,8.47,None,
2017-02-03,'601700,风范股份,0.0,0.0,0.0,0.0,8.47,None,
2017-01-26,'601700,风范股份,0.0,0.0,0.0,0.0,8.47,None,
2017-01-25,'601700,风范股份,0.0,0.0,0.0,0.0,8.47,None,
2017-01-24,'601700,风范股份,0.0,0.0,0.0,0.0,8.47,None,
2017-01-23,'601700,风范股份,0.0,0.0,0.0,0.0,8.47,None,
2017-01-20,'601700,风范股份,0.0,0.0,0.0,0.0,8.47,None,
2017-01-19,'601700,风范股份,0.0,0.0,0.0,0.0,8.47,None,
2017-01-18,'601700,风范股份,0.0,0.0,0.0,0.0,8.47,None,
2017-01-17,'601700,风范股份,0.0,0.0,0.0,0.0,8.47,None,
2017-01-16,'601700,风范股份,0.0,0.0,0.0,0.0,8.47,None,
2017-01-13,'601700,风范股份,0.0,0.0,0.0,0.0,8.47,None,
2017-01-12,'601700,风范股份,0.0,0.0,0.0,0.0,8.47,None,
2017-01-11,'601700,风范股份,0.0,0.0,0.0,0.0,8.47,None,
2017-01-10,'601700,风范股份,0.0,0.0,0.0,0.0,8.47,None,
2017-01-09,'601700,风范股份,0.0,0.0,0.0,0.0,8.47,None,
2017-01-06,'601700,风范股份,0.0,0.0,0.0,0.0,8.47,None,
2017-01-05,'601700,风范股份,0.0,0.0,0.0,0.0,8.47,None,
2017-01-04,'601700,风范股份,0.0,0.0,0.0,0.0,8.47,None,
2017-01-03,'601700,风范股份,0.0,0.0,0.0,0.0,8.47,None,
2016-12-30,'601700,风范股份,0.0,0.0,0.0,0.0,8.47,None,
2016-12-29,'601700,风范股份,0.0,0.0,0.0,0.0,8.47,None,
2016-12-28,'601700,风范股份,0.0,0.0,0.0,0.0,8.47,None,
2016-12-27,'601700,风范股份,0.0,0.0,0.0,0.0,8.47,None,
2016-12-26,'601700,风范股份,0.0,0.0,0.0,0.0,8.47,None,
2016-12-23,'601700,风范股份,0.0,0.0,0.0,0.0,8.47,None,
2016-12-22,'601700,风范股份,0.0,0.0,0.0,0.0,8.47,None,
2016-12-21,'601700,风范股份,0.0,0.0,0.0,0.0,8.47,None,
2016-12-20,'601700,风范股份,0.0,0.0,0.0,0.0,8.47,None,
2016-12-19,'601700,风范股份,0.0,0.0,0.0,0.0,8.47,None,
2016-12-16,'601700,风范股份,0.0,0.0,0.0,0.0,8.47,None,
2016-12-15,'601700,风范股份,0.0,0.0,0.0,0.0,8.47,None,
2016-12-14,'601700,风范股份,0.0,0.0,0.0,0.0,8.47,None,
2016-12-13,'601700,风范股份,0.0,0.0,0.0,0.0,8.47,None,
2016-12-12,'601700,风范股份,0.0,0.0,0.0,0.0,8.47,None,
2016-12-09,'601700,风范股份,0.0,0.0,0.0,0.0,8.47,None,
2016-12-08,'601700,风范股份,0.0,0.0,0.0,0.0,8.47,None,
2016-12-07,'601700,风范股份,0.0,0.0,0.0,0.0,8.47,None,
2016-12-06,'601700,风范股份,0.0,0.0,0.0,0.0,8.47,None,
2016-12-05,'601700,风范股份,0.0,0.0,0.0,0.0,8.47,None,
2016-12-02,'601700,风范股份,0.0,0.0,0.0,0.0,8.47,None,
2016-12-01,'601700,风范股份,0.0,0.0,0.0,0.0,8.47,None,
2016-11-30,'601700,风范股份,0.0,0.0,0.0,0.0,8.47,None,
2016-11-29,'601700,风范股份,0.0,0.0,0.0,0.0,8.47,None,
2016-11-28,'601700,风范股份,0.0,0.0,0.0,0.0,8.47,None,
2016-11-25,'601700,风范股份,0.0,0.0,0.0,0.0,8.47,None,
2016-11-24,'601700,风范股份,8.47,8.65,8.46,8.62,8.61,-0.14,
2016-11-23,'601700,风范股份,8.61,8.81,8.6,8.74,8.79,-0.18,
2016-11-22,'601700,风范股份,8.79,8.89,8.7,8.73,8.79,0.0,
2016-11-21,'601700,风范股份,8.79,8.95,8.6,8.82,8.89,-0.1,
2016-11-18,'601700,风范股份,8.89,8.99,8.75,8.94,9.0,-0.11,
2016-11-17,'601700,风范股份,9.0,9.04,8.54,8.6,8.61,0.39,
2016-11-16,'601700,风范股份,8.61,8.78,8.51,8.7,8.7,-0.09,
2016-11-15,'601700,风范股份,8.7,8.77,8.15,8.19,8.19,0.51,
2016-11-14,'601700,风范股份,8.19,8.25,8.16,8.25,8.23,-0.04,
2016-11-11,'601700,风范股份,8.23,8.26,8.14,8.18,8.18,0.05,
2016-11-10,'601700,风范股份,8.18,8.22,8.11,8.16,8.13,0.05,
2016-11-09,'601700,风范股份,8.13,8.19,7.9,8.15,8.12,0.01,
2016-11-08,'601700,风范股份,8.12,8.22,8.07,8.19,8.09,0.03,
2016-11-07,'601700,风范股份,8.09,8.22,8.02,8.03,8.07,0.02,
2016-11-04,'601700,风范股份,8.07,8.28,8.0,8.27,8.32,-0.25,
2016-11-03,'601700,风范股份,8.32,8.41,7.93,7.95,8.01,0.31,
2016-11-02,'601700,风范股份,8.01,8.16,7.97,8.15,8.2,-0.19,
2016-11-01,'601700,风范股份,8.2,8.21,8.06,8.13,8.11,0.09,
2016-10-31,'601700,风范股份,8.11,8.16,7.98,8.16,8.15,-0.04,
2016-10-28,'601700,风范股份,8.15,8.55,8.11,8.55,8.57,-0.42,
2016-10-27,'601700,风范股份,8.57,8.58,8.34,8.41,8.46,0.11,
2016-10-26,'601700,风范股份,8.46,8.68,8.43,8.5,8.51,-0.05,
2016-10-25,'601700,风范股份,8.51,8.53,8.35,8.43,8.51,0.0,
2016-10-24,'601700,风范股份,8.51,8.63,8.33,8.52,8.47,0.04,
2016-10-21,'601700,风范股份,8.47,8.73,8.34,8.57,8.53,-0.06,
2016-10-20,'601700,风范股份,8.53,8.77,8.51,8.59,8.68,-0.15,
2016-10-19,'601700,风范股份,8.68,8.76,8.56,8.66,8.67,0.01,
2016-10-18,'601700,风范股份,8.67,8.68,8.41,8.6,8.73,-0.06,
2016-10-17,'601700,风范股份,8.73,8.94,8.44,8.63,8.59,0.14,
2016-10-14,'601700,风范股份,8.59,8.94,8.46,8.86,9.19,-0.6,
2016-10-13,'601700,风范股份,9.19,9.23,8.21,8.27,8.4,0.79,
2016-10-12,'601700,风范股份,8.4,8.71,7.94,8.05,7.93,0.47,
2016-10-11,'601700,风范股份,7.93,7.93,7.19,7.22,7.21,0.72,
2016-10-10,'601700,风范股份,7.21,7.23,7.15,7.19,7.13,0.08,
2016-09-30,'601700,风范股份,7.13,7.17,7.1,7.13,7.13,0.0,
2016-09-29,'601700,风范股份,7.13,7.16,7.11,7.11,7.1,0.03,
2016-09-28,'601700,风范股份,7.1,7.13,7.06,7.09,7.08,0.02,
2016-09-27,'601700,风范股份,7.08,7.1,7.02,7.04,7.03,0.05,
2016-09-26,'601700,风范股份,7.03,7.17,7.02,7.16,7.15,-0.12,
2016-09-23,'601700,风范股份,7.15,7.21,7.13,7.18,7.18,-0.03,
2016-09-22,'601700,风范股份,7.18,7.23,7.17,7.2,7.17,0.01,
2016-09-21,'601700,风范股份,7.17,7.2,7.16,7.18,7.18,-0.01,
2016-09-20,'601700,风范股份,7.18,7.23,7.16,7.23,7.21,-0.03,
2016-09-19,'601700,风范股份,7.21,7.22,7.15,7.16,7.17,0.04,
2016-09-14,'601700,风范股份,7.17,7.19,7.11,7.15,7.16,0.01,
2016-09-13,'601700,风范股份,7.16,7.2,7.12,7.15,7.14,0.02,
2016-09-12,'601700,风范股份,7.14,7.25,7.13,7.25,7.33,-0.19,
2016-09-09,'601700,风范股份,7.33,7.41,7.32,7.39,7.39,-0.06,
2016-09-08,'601700,风范股份,7.39,7.44,7.34,7.34,7.34,0.05,
2016-09-07,'601700,风范股份,7.34,7.44,7.28,7.3,7.29,0.05,
2016-09-06,'601700,风范股份,7.29,7.31,7.15,7.26,7.26,0.03,
2016-09-05,'601700,风范股份,7.26,7.3,7.23,7.26,7.26,0.0,
2016-09-02,'601700,风范股份,7.26,7.29,7.2,7.25,7.27,-0.01,
2016-09-01,'601700,风范股份,7.27,7.35,7.26,7.35,7.35,-0.08,
2016-08-31,'601700,风范股份,7.35,7.37,7.26,7.35,7.35,0.0,
2016-08-30,'601700,风范股份,7.35,7.43,7.3,7.32,7.32,0.03,
2016-08-29,'601700,风范股份,7.32,7.39,7.2,7.22,7.24,0.08,
2016-08-26,'601700,风范股份,7.24,7.29,7.2,7.2,7.2,0.04,
2016-08-25,'601700,风范股份,7.2,7.32,7.16,7.3,7.31,-0.11,
2016-08-24,'601700,风范股份,7.31,7.36,7.28,7.3,7.3,0.01,
2016-08-23,'601700,风范股份,7.3,7.33,7.25,7.27,7.28,0.02,
2016-08-22,'601700,风范股份,7.28,7.53,7.27,7.43,7.33,-0.05,
2016-08-19,'601700,风范股份,7.33,7.34,7.23,7.3,7.3,0.03,
2016-08-18,'601700,风范股份,7.3,7.35,7.26,7.29,7.29,0.01,
2016-08-17,'601700,风范股份,7.29,7.33,7.25,7.3,7.29,0.0,
2016-08-16,'601700,风范股份,7.29,7.33,7.26,7.32,7.32,-0.03,
2016-08-15,'601700,风范股份,7.32,7.36,7.13,7.13,7.15,0.17,
2016-08-12,'601700,风范股份,7.15,7.15,7.08,7.09,7.09,0.06,
2016-08-11,'601700,风范股份,7.09,7.2,7.08,7.18,7.18,-0.09,
2016-08-10,'601700,风范股份,7.18,7.24,7.18,7.2,7.2,-0.02,
2016-08-09,'601700,风范股份,7.2,7.21,7.14,7.17,7.18,0.02,
2016-08-08,'601700,风范股份,7.18,7.18,7.08,7.1,7.13,0.05,
2016-08-05,'601700,风范股份,7.13,7.18,7.11,7.17,7.17,-0.04,
2016-08-04,'601700,风范股份,7.17,7.2,7.12,7.14,7.15,0.02,
2016-08-03,'601700,风范股份,7.15,7.16,7.08,7.1,7.14,0.01,
2016-08-02,'601700,风范股份,7.14,7.15,7.06,7.11,7.13,0.01,
2016-08-01,'601700,风范股份,7.13,7.15,7.01,7.11,7.1,0.03,
2016-07-29,'601700,风范股份,7.1,7.18,7.07,7.13,7.14,-0.04,
2016-07-28,'601700,风范股份,7.14,7.24,7.05,7.21,7.18,-0.04,
2016-07-27,'601700,风范股份,7.18,7.58,7.01,7.58,7.55,-0.37,
2016-07-26,'601700,风范股份,7.55,7.55,7.4,7.44,7.43,0.12,
2016-07-25,'601700,风范股份,7.43,7.5,7.38,7.43,7.46,-0.03,
2016-07-22,'601700,风范股份,7.46,7.64,7.44,7.47,7.5,-0.04,
2016-07-21,'601700,风范股份,7.5,7.55,7.45,7.47,7.48,0.02,
2016-07-20,'601700,风范股份,7.48,7.52,7.44,7.51,7.5,-0.02,
2016-07-19,'601700,风范股份,7.5,7.51,7.41,7.5,7.53,-0.03,
2016-07-18,'601700,风范股份,7.53,7.61,7.4,7.56,7.61,-0.08,
2016-07-15,'601700,风范股份,7.61,7.76,7.52,7.56,7.53,0.08,
2016-07-14,'601700,风范股份,7.53,7.57,7.48,7.56,7.58,-0.05,
2016-07-13,'601700,风范股份,7.58,7.63,7.5,7.55,7.55,0.03,
2016-07-12,'601700,风范股份,7.55,7.67,7.41,7.41,7.37,0.18,
2016-07-11,'601700,风范股份,7.37,7.46,7.36,7.4,7.39,-0.02,
2016-07-08,'601700,风范股份,7.39,7.44,7.35,7.44,7.43,-0.04,
2016-07-07,'601700,风范股份,7.43,7.45,7.35,7.42,7.41,0.02,
2016-07-06,'601700,风范股份,7.41,7.46,7.34,7.38,7.43,-0.02,
2016-07-05,'601700,风范股份,7.43,7.46,7.36,7.46,7.37,0.06,
2016-07-04,'601700,风范股份,7.37,7.42,7.04,7.04,7.29,0.08,
2016-07-01,'601700,风范股份,7.29,7.34,7.22,7.31,7.29,0.0,
2016-06-30,'601700,风范股份,7.29,7.35,7.22,7.31,7.31,-0.02,
2016-06-29,'601700,风范股份,7.31,7.43,7.3,7.38,7.37,-0.06,
2016-06-28,'601700,风范股份,7.37,7.46,7.1,7.14,7.15,0.22,
2016-06-27,'601700,风范股份,7.15,7.16,6.9,7.0,7.04,0.11,
2016-06-24,'601700,风范股份,7.04,7.23,6.86,7.2,7.18,-0.14,
2016-06-23,'601700,风范股份,7.18,7.25,7.14,7.24,7.24,-0.06,
2016-06-22,'601700,风范股份,7.24,7.24,7.15,7.15,7.19,0.05,
2016-06-21,'601700,风范股份,7.19,7.35,7.15,7.25,7.24,-0.05,
2016-06-20,'601700,风范股份,7.24,7.31,7.16,7.21,7.26,-0.02,
2016-06-17,'601700,风范股份,7.26,7.45,7.14,7.33,7.38,-0.12,
2016-06-16,'601700,风范股份,7.38,7.48,7.12,7.2,7.23,0.15,
2016-06-15,'601700,风范股份,7.23,7.28,6.91,6.97,7.02,0.21,
2016-06-14,'601700,风范股份,7.02,7.09,6.95,7.04,7.04,-0.02,
2016-06-13,'601700,XD风范股,7.04,7.49,7.03,7.49,7.59,-0.55,
2016-06-08,'601700,风范股份,7.74,7.88,7.67,7.68,7.75,-0.01,
2016-06-07,'601700,风范股份,7.75,7.96,7.65,7.96,7.86,-0.11,
2016-06-06,'601700,风范股份,7.86,8.15,7.8,8.08,7.87,-0.01,
2016-06-03,'601700,风范股份,7.87,7.87,7.12,7.2,7.15,0.72,
2016-06-02,'601700,风范股份,7.15,7.18,7.05,7.15,7.13,0.02,
2016-06-01,'601700,风范股份,7.13,7.22,7.11,7.22,7.14,-0.01,
2016-05-31,'601700,风范股份,7.14,7.15,6.87,6.87,6.86,0.28,
2016-05-30,'601700,风范股份,6.86,6.96,6.85,6.96,6.96,-0.1,
2016-05-27,'601700,风范股份,6.96,7.01,6.9,6.97,7.03,-0.07,
2016-05-26,'601700,风范股份,7.03,7.08,6.81,7.02,7.06,-0.03,
2016-05-25,'601700,风范股份,7.06,7.14,7.01,7.07,7.05,0.01,
2016-05-24,'601700,风范股份,7.05,7.12,7.0,7.11,7.15,-0.1,
2016-05-23,'601700,风范股份,7.15,7.16,7.09,7.1,7.09,0.06,
2016-05-20,'601700,风范股份,7.09,7.1,6.93,7.05,7.06,0.03,
2016-05-19,'601700,风范股份,7.06,7.2,7.05,7.05,7.11,-0.05,
2016-05-18,'601700,风范股份,7.11,7.41,7.0,7.41,7.47,-0.36,
2016-05-17,'601700,风范股份,7.47,7.63,7.42,7.61,7.61,-0.14,
2016-05-16,'601700,风范股份,7.61,7.67,7.47,7.6,7.53,0.08,
2016-05-13,'601700,风范股份,7.53,7.65,7.37,7.39,7.36,0.17,
2016-05-12,'601700,风范股份,7.36,7.51,7.28,7.51,7.57,-0.21,
2016-05-11,'601700,风范股份,7.57,7.68,7.48,7.56,7.57,0.0,
2016-05-10,'601700,风范股份,7.57,7.67,7.48,7.55,7.56,0.01,
2016-05-09,'601700,风范股份,7.56,7.99,7.5,7.77,7.76,-0.2,
2016-05-06,'601700,风范股份,7.76,8.15,7.75,8.14,8.14,-0.38,
2016-05-05,'601700,风范股份,8.14,8.26,8.08,8.2,8.09,0.05,
2016-05-04,'601700,风范股份,8.09,8.19,8.04,8.16,8.19,-0.1,
2016-05-03,'601700,风范股份,8.19,8.25,7.81,7.95,7.9,0.29,
2016-04-29,'601700,风范股份,7.9,8.05,7.84,7.97,8.06,-0.16,
2016-04-28,'601700,风范股份,8.06,8.13,7.76,7.92,7.96,0.1,
2016-04-27,'601700,风范股份,7.96,8.09,7.56,7.59,7.59,0.37,
2016-04-26,'601700,风范股份,7.59,7.61,7.48,7.48,7.56,0.03,
2016-04-25,'601700,风范股份,7.56,7.67,7.49,7.67,7.69,-0.13,
2016-04-22,'601700,风范股份,7.69,7.7,7.5,7.63,7.61,0.08,
2016-04-21,'601700,风范股份,7.61,7.93,7.59,7.88,7.88,-0.27,
2016-04-20,'601700,风范股份,7.88,8.61,7.71,8.58,8.54,-0.66,
2016-04-19,'601700,风范股份,8.54,8.73,8.4,8.65,8.83,-0.29,
2016-04-18,'601700,风范股份,8.83,9.15,8.0,8.68,8.36,0.47,
2016-04-15,'601700,风范股份,8.36,8.36,8.36,8.36,7.6,0.76,
2016-04-14,'601700,风范股份,7.6,7.6,7.6,7.6,6.91,0.69,
2016-04-13,'601700,风范股份,0.0,0.0,0.0,0.0,6.91,None,
2016-04-12,'601700,风范股份,0.0,0.0,0.0,0.0,6.91,None,
2016-04-11,'601700,风范股份,0.0,0.0,0.0,0.0,6.91,None,
2016-04-08,'601700,风范股份,0.0,0.0,0.0,0.0,6.91,None,
2016-04-07,'601700,风范股份,0.0,0.0,0.0,0.0,6.91,None,
2016-04-06,'601700,风范股份,0.0,0.0,0.0,0.0,6.91,None,
2016-04-05,'601700,风范股份,0.0,0.0,0.0,0.0,6.91,None,
2016-04-01,'601700,风范股份,0.0,0.0,0.0,0.0,6.91,None,
2016-03-31,'601700,风范股份,0.0,0.0,0.0,0.0,6.91,None,
2016-03-30,'601700,风范股份,0.0,0.0,0.0,0.0,6.91,None,
2016-03-29,'601700,风范股份,0.0,0.0,0.0,0.0,6.91,None,
2016-03-28,'601700,风范股份,0.0,0.0,0.0,0.0,6.91,None,
2016-03-25,'601700,风范股份,0.0,0.0,0.0,0.0,6.91,None,
2016-03-24,'601700,风范股份,0.0,0.0,0.0,0.0,6.91,None,
2016-03-23,'601700,风范股份,0.0,0.0,0.0,0.0,6.91,None,
2016-03-22,'601700,风范股份,0.0,0.0,0.0,0.0,6.91,None,
2016-03-21,'601700,风范股份,0.0,0.0,0.0,0.0,6.91,None,
2016-03-18,'601700,风范股份,0.0,0.0,0.0,0.0,6.91,None,
2016-03-17,'601700,风范股份,0.0,0.0,0.0,0.0,6.91,None,
2016-03-16,'601700,风范股份,0.0,0.0,0.0,0.0,6.91,None,
2016-03-15,'601700,风范股份,0.0,0.0,0.0,0.0,6.91,None,
2016-03-14,'601700,风范股份,0.0,0.0,0.0,0.0,6.91,None,
2016-03-11,'601700,风范股份,0.0,0.0,0.0,0.0,6.91,None,
2016-03-10,'601700,风范股份,0.0,0.0,0.0,0.0,6.91,None,
2016-03-09,'601700,风范股份,0.0,0.0,0.0,0.0,6.91,None,
2016-03-08,'601700,风范股份,0.0,0.0,0.0,0.0,6.91,None,
2016-03-07,'601700,风范股份,0.0,0.0,0.0,0.0,6.91,None,
2016-03-04,'601700,风范股份,0.0,0.0,0.0,0.0,6.91,None,
2016-03-03,'601700,风范股份,0.0,0.0,0.0,0.0,6.91,None,
2016-03-02,'601700,风范股份,0.0,0.0,0.0,0.0,6.91,None,
2016-03-01,'601700,风范股份,0.0,0.0,0.0,0.0,6.91,None,
2016-02-29,'601700,风范股份,0.0,0.0,0.0,0.0,6.91,None,
2016-02-26,'601700,风范股份,0.0,0.0,0.0,0.0,6.91,None,
2016-02-25,'601700,风范股份,0.0,0.0,0.0,0.0,6.91,None,
2016-02-24,'601700,风范股份,0.0,0.0,0.0,0.0,6.91,None,
2016-02-23,'601700,风范股份,0.0,0.0,0.0,0.0,6.91,None,
2016-02-22,'601700,风范股份,0.0,0.0,0.0,0.0,6.91,None,
2016-02-19,'601700,风范股份,0.0,0.0,0.0,0.0,6.91,None,
2016-02-18,'601700,风范股份,0.0,0.0,0.0,0.0,6.91,None,
2016-02-17,'601700,风范股份,0.0,0.0,0.0,0.0,6.91,None,
2016-02-16,'601700,风范股份,0.0,0.0,0.0,0.0,6.91,None,
2016-02-15,'601700,风范股份,0.0,0.0,0.0,0.0,6.91,None,
2016-02-05,'601700,风范股份,0.0,0.0,0.0,0.0,6.91,None,
2016-02-04,'601700,风范股份,0.0,0.0,0.0,0.0,6.91,None,
2016-02-03,'601700,风范股份,0.0,0.0,0.0,0.0,6.91,None,
2016-02-02,'601700,风范股份,0.0,0.0,0.0,0.0,6.91,None,
2016-02-01,'601700,风范股份,0.0,0.0,0.0,0.0,6.91,None,
2016-01-29,'601700,风范股份,0.0,0.0,0.0,0.0,6.91,None,
2016-01-28,'601700,风范股份,0.0,0.0,0.0,0.0,6.91,None,
2016-01-27,'601700,风范股份,0.0,0.0,0.0,0.0,6.91,None,
2016-01-26,'601700,风范股份,0.0,0.0,0.0,0.0,6.91,None,
2016-01-25,'601700,风范股份,0.0,0.0,0.0,0.0,6.91,None,
2016-01-22,'601700,风范股份,0.0,0.0,0.0,0.0,6.91,None,
2016-01-21,'601700,风范股份,0.0,0.0,0.0,0.0,6.91,None,
2016-01-20,'601700,风范股份,0.0,0.0,0.0,0.0,6.91,None,
2016-01-19,'601700,风范股份,0.0,0.0,0.0,0.0,6.91,None,
2016-01-18,'601700,风范股份,0.0,0.0,0.0,0.0,6.91,None,
2016-01-15,'601700,风范股份,6.91,7.48,6.89,7.4,7.49,-0.58,
2016-01-14,'601700,风范股份,7.49,7.5,6.77,6.8,7.2,0.29,
2016-01-13,'601700,风范股份,7.2,8.01,7.19,7.92,7.83,-0.63,
2016-01-12,'601700,风范股份,7.83,8.37,7.6,8.07,8.38,-0.55,
2016-01-11,'601700,风范股份,8.38,8.9,8.38,8.9,9.31,-0.93,
2016-01-08,'601700,风范股份,9.31,10.1,8.8,9.98,9.72,-0.41,
2016-01-07,'601700,风范股份,9.72,10.47,9.72,10.47,10.8,-1.08,
2016-01-06,'601700,风范股份,10.8,10.98,10.17,10.6,10.59,0.21,
2016-01-05,'601700,风范股份,10.59,10.59,8.81,9.05,9.63,0.96,
2016-01-04,'601700,风范股份,9.63,10.6,9.54,10.0,9.99,-0.36,
2015-12-31,'601700,风范股份,9.99,10.02,9.1,9.11,9.11,0.88,
2015-12-30,'601700,风范股份,9.11,9.15,9.07,9.11,9.09,0.02,
2015-12-29,'601700,风范股份,9.09,9.1,8.95,9.0,9.01,0.08,
2015-12-28,'601700,风范股份,9.01,9.21,8.99,9.19,9.15,-0.14,
2015-12-25,'601700,风范股份,9.15,9.18,9.0,9.12,9.1,0.05,
2015-12-24,'601700,风范股份,9.1,9.23,9.01,9.17,9.24,-0.14,
2015-12-23,'601700,风范股份,9.24,9.45,9.21,9.4,9.4,-0.16,
2015-12-22,'601700,风范股份,9.4,9.4,9.21,9.33,9.34,0.06,
2015-12-21,'601700,风范股份,9.34,9.35,9.2,9.26,9.3,0.04,
2015-12-18,'601700,风范股份,9.3,9.57,9.25,9.54,9.53,-0.23,
2015-12-17,'601700,风范股份,9.53,9.58,9.4,9.42,9.43,0.1,
2015-12-16,'601700,风范股份,9.43,9.92,9.41,9.92,9.58,-0.15,
2015-12-15,'601700,风范股份,0.0,0.0,0.0,0.0,9.58,None,
2015-12-14,'601700,风范股份,9.58,9.58,9.13,9.16,9.17,0.41,
2015-12-11,'601700,风范股份,9.17,9.23,8.93,9.0,8.97,0.2,
2015-12-10,'601700,风范股份,8.97,9.16,8.96,9.04,9.04,-0.07,
2015-12-09,'601700,风范股份,9.04,9.18,9.01,9.03,9.18,-0.14,
2015-12-08,'601700,风范股份,9.18,9.49,9.16,9.48,9.54,-0.36,
2015-12-07,'601700,风范股份,9.54,9.56,9.21,9.45,9.45,0.09,
2015-12-04,'601700,风范股份,9.45,9.67,9.31,9.5,9.57,-0.12,
2015-12-03,'601700,风范股份,9.57,9.58,9.24,9.24,9.23,0.34,
2015-12-02,'601700,风范股份,9.23,9.46,8.9,9.46,9.44,-0.21,
2015-12-01,'601700,风范股份,9.44,9.75,9.32,9.75,9.63,-0.19,
2015-11-30,'601700,风范股份,9.63,9.7,9.01,9.05,9.24,0.39,
2015-11-27,'601700,风范股份,9.24,10.21,9.2,10.21,10.21,-0.97,
2015-11-26,'601700,风范股份,10.21,10.7,10.18,10.45,10.39,-0.18,
2015-11-25,'601700,风范股份,10.39,10.61,10.22,10.39,10.37,0.02,
2015-11-24,'601700,风范股份,10.37,10.69,10.2,10.6,10.44,-0.07,
2015-11-23,'601700,风范股份,10.44,11.28,10.42,10.93,10.98,-0.54,
2015-11-20,'601700,风范股份,10.98,11.16,10.3,10.58,10.55,0.43,
2015-11-19,'601700,风范股份,10.55,10.59,10.1,10.3,10.45,0.1,
2015-11-18,'601700,风范股份,10.45,10.76,9.74,9.85,9.99,0.46,
2015-11-17,'601700,风范股份,9.99,10.19,9.69,9.97,9.41,0.58,
2015-11-16,'601700,风范股份,9.41,9.41,8.4,8.55,8.55,0.86,
2015-11-13,'601700,风范股份,8.55,8.6,8.2,8.42,8.51,0.04,
2015-11-12,'601700,风范股份,8.51,8.76,8.43,8.7,8.71,-0.2,
2015-11-11,'601700,风范股份,8.71,8.73,8.31,8.36,8.39,0.32,
2015-11-10,'601700,风范股份,8.39,8.47,8.26,8.3,8.37,0.02,
2015-11-09,'601700,风范股份,8.37,8.44,8.2,8.3,8.48,-0.11,
2015-11-06,'601700,风范股份,8.48,8.52,8.37,8.41,8.39,0.09,
2015-11-05,'601700,风范股份,8.39,8.54,8.25,8.42,8.46,-0.07,
2015-11-04,'601700,风范股份,8.46,8.47,8.09,8.09,8.17,0.29,
2015-11-03,'601700,风范股份,8.17,8.44,8.01,8.29,8.45,-0.28,
2015-11-02,'601700,风范股份,8.45,8.8,8.1,8.2,8.13,0.32,
2015-10-30,'601700,风范股份,8.13,8.18,7.71,7.93,7.87,0.26,
2015-10-29,'601700,风范股份,7.87,7.91,7.72,7.86,7.77,0.1,
2015-10-28,'601700,风范股份,7.77,7.92,7.68,7.71,7.75,0.02,
2015-10-27,'601700,风范股份,7.75,7.84,7.38,7.8,7.8,-0.05,
2015-10-26,'601700,风范股份,7.8,7.93,7.72,7.82,7.75,0.05,
2015-10-23,'601700,风范股份,7.75,7.83,7.38,7.38,7.38,0.37,
2015-10-22,'601700,风范股份,7.38,7.43,7.07,7.07,7.16,0.22,
2015-10-21,'601700,风范股份,7.16,7.91,7.08,7.87,7.86,-0.7,
2015-10-20,'601700,风范股份,7.86,7.86,7.7,7.78,7.79,0.07,
2015-10-19,'601700,风范股份,7.79,7.97,7.66,7.91,7.9,-0.11,
2015-10-16,'601700,风范股份,7.9,7.99,7.67,7.98,7.85,0.05,
2015-10-15,'601700,风范股份,7.85,7.9,7.42,7.42,7.36,0.49,
2015-10-14,'601700,风范股份,7.36,7.51,7.32,7.46,7.5,-0.14,
2015-10-13,'601700,风范股份,7.5,7.56,7.28,7.35,7.4,0.1,
2015-10-12,'601700,风范股份,7.4,7.49,7.06,7.06,7.05,0.35,
2015-10-09,'601700,风范股份,7.05,7.08,6.89,6.99,7.04,0.01,
2015-10-08,'601700,风范股份,7.04,7.11,6.8,6.9,6.68,0.36,
2015-09-30,'601700,风范股份,6.68,6.78,6.61,6.65,6.48,0.2,
2015-09-29,'601700,风范股份,6.48,6.68,6.46,6.68,6.71,-0.23,
2015-09-28,'601700,风范股份,6.71,6.73,6.48,6.49,6.56,0.15,
2015-09-25,'601700,风范股份,6.56,6.8,6.52,6.75,6.75,-0.19,
2015-09-24,'601700,风范股份,6.75,6.78,6.63,6.63,6.62,0.13,
2015-09-23,'601700,风范股份,6.62,6.73,6.55,6.7,6.76,-0.14,
2015-09-22,'601700,风范股份,6.76,6.87,6.68,6.73,6.71,0.05,
2015-09-21,'601700,风范股份,6.71,6.73,6.42,6.48,6.54,0.17,
2015-09-18,'601700,风范股份,6.54,6.6,6.4,6.6,6.53,0.01,
2015-09-17,'601700,风范股份,6.53,6.84,6.51,6.75,6.75,-0.22,
2015-09-16,'601700,风范股份,6.75,6.81,6.22,6.23,6.19,0.56,
2015-09-15,'601700,风范股份,6.19,6.58,6.14,6.5,6.43,-0.24,
2015-09-14,'601700,风范股份,6.43,7.13,6.38,7.05,7.04,-0.61,
2015-09-11,'601700,风范股份,7.04,7.17,6.96,7.08,7.09,-0.05,
2015-09-10,'601700,风范股份,7.09,7.25,7.08,7.2,7.29,-0.2,
2015-09-09,'601700,风范股份,7.29,7.35,7.0,7.14,7.05,0.24,
2015-09-08,'601700,风范股份,7.05,7.09,6.64,6.67,6.66,0.39,
2015-09-07,'601700,风范股份,6.66,6.9,6.54,6.54,6.44,0.22,
2015-09-02,'601700,风范股份,6.44,6.83,6.25,6.38,6.63,-0.19,
2015-09-01,'601700,风范股份,6.63,7.2,6.6,7.19,7.21,-0.58,
2015-08-31,'601700,风范股份,7.21,7.6,7.15,7.58,7.55,-0.34,
2015-08-28,'601700,风范股份,7.55,7.56,7.07,7.2,7.03,0.52,
2015-08-27,'601700,风范股份,7.03,7.21,6.65,6.81,6.64,0.39,
2015-08-26,'601700,风范股份,6.64,7.29,6.5,7.14,7.02,-0.38,
2015-08-25,'601700,风范股份,7.02,7.27,7.02,7.03,7.8,-0.78,
2015-08-24,'601700,风范股份,7.8,8.42,7.8,8.42,8.67,-0.87,
2015-08-21,'601700,风范股份,8.67,8.99,8.5,8.78,8.81,-0.14,
2015-08-20,'601700,风范股份,8.81,9.27,8.8,9.15,9.29,-0.48,
2015-08-19,'601700,风范股份,9.29,9.43,8.42,8.6,9.16,0.13,
2015-08-18,'601700,风范股份,9.16,10.28,9.16,10.21,10.18,-1.02,
2015-08-17,'601700,风范股份,10.18,10.23,9.86,9.93,9.75,0.43,
2015-08-14,'601700,风范股份,9.75,9.91,9.65,9.71,9.69,0.06,
2015-08-13,'601700,风范股份,9.69,9.72,9.34,9.44,9.47,0.22,
2015-08-12,'601700,风范股份,9.47,9.78,9.45,9.56,9.79,-0.32,
2015-08-11,'601700,风范股份,9.79,9.94,9.68,9.86,9.85,-0.06,
2015-08-10,'601700,风范股份,9.85,9.98,9.32,9.4,9.4,0.45,
2015-08-07,'601700,风范股份,9.4,9.44,9.08,9.08,9.11,0.29,
2015-08-06,'601700,风范股份,9.11,9.27,8.75,8.88,8.94,0.17,
2015-08-05,'601700,风范股份,8.94,9.3,8.81,9.07,9.07,-0.13,
2015-08-04,'601700,风范股份,9.07,9.08,8.37,8.37,8.32,0.75,
2015-08-03,'601700,风范股份,8.32,8.81,8.17,8.81,8.87,-0.55,
2015-07-31,'601700,风范股份,8.87,9.15,8.66,8.97,9.16,-0.29,
2015-07-30,'601700,风范股份,9.16,9.65,8.9,9.47,9.47,-0.31,
2015-07-29,'601700,风范股份,9.47,9.48,8.64,8.99,8.83,0.64,
2015-07-28,'601700,风范股份,8.83,9.58,8.55,8.74,9.5,-0.67,
2015-07-27,'601700,风范股份,9.5,10.85,9.5,10.45,10.56,-1.06,
2015-07-24,'601700,风范股份,10.56,10.98,10.25,10.33,10.28,0.28,
2015-07-23,'601700,风范股份,10.28,10.33,9.83,9.95,10.02,0.26,
2015-07-22,'601700,风范股份,10.02,10.19,9.66,10.18,10.14,-0.12,
2015-07-21,'601700,风范股份,10.14,10.3,9.52,9.88,9.94,0.2,
2015-07-20,'601700,风范股份,9.94,10.1,9.39,9.51,9.23,0.71,
2015-07-17,'601700,风范股份,9.23,9.23,8.44,8.44,8.39,0.84,
2015-07-16,'601700,风范股份,8.39,8.59,7.51,7.76,8.16,0.23,
2015-07-15,'601700,风范股份,8.16,9.08,7.9,9.08,8.25,-0.09,
2015-07-14,'601700,风范股份,8.25,8.25,8.25,8.25,7.5,0.75,
2015-07-13,'601700,风范股份,7.5,7.5,7.5,7.5,6.82,0.68,
2015-07-10,'601700,风范股份,0.0,0.0,0.0,0.0,6.82,None,
2015-07-09,'601700,风范股份,0.0,0.0,0.0,0.0,6.82,None,
2015-07-08,'601700,风范股份,0.0,0.0,0.0,0.0,6.82,None,
2015-07-07,'601700,风范股份,6.82,7.4,6.82,7.3,7.58,-0.76,
2015-07-06,'601700,风范股份,7.58,8.61,7.18,8.6,7.83,-0.25,
2015-07-03,'601700,风范股份,7.83,8.7,7.83,8.4,8.7,-0.87,
2015-07-02,'601700,风范股份,8.7,9.81,8.7,9.64,9.67,-0.97,
2015-07-01,'601700,风范股份,9.67,10.86,9.67,10.51,10.74,-1.07,
2015-06-30,'601700,风范股份,10.74,10.84,9.25,9.99,10.28,0.46,
2015-06-29,'601700,风范股份,10.28,11.8,10.28,11.73,11.42,-1.14,
2015-06-26,'601700,风范股份,11.42,12.3,11.42,12.3,12.69,-1.27,
2015-06-25,'601700,风范股份,12.69,13.62,12.41,13.54,13.54,-0.85,
2015-06-24,'601700,风范股份,13.54,13.74,13.24,13.46,13.24,0.3,
2015-06-23,'601700,风范股份,13.24,13.78,12.09,13.1,13.42,-0.18,
2015-06-19,'601700,风范股份,13.42,14.82,13.42,14.5,14.91,-1.49,
2015-06-18,'601700,风范股份,14.91,15.68,14.81,15.1,15.14,-0.23,
2015-06-17,'601700,风范股份,15.14,15.2,14.06,14.94,14.94,0.2,
2015-06-16,'601700,风范股份,14.94,15.9,14.8,15.9,16.1,-1.16,
2015-06-15,'601700,风范股份,16.1,16.8,16.04,16.73,16.73,-0.63,
2015-06-12,'601700,风范股份,16.73,17.24,16.7,17.03,16.96,-0.23,
2015-06-11,'601700,风范股份,16.96,16.97,16.27,16.32,16.32,0.64,
2015-06-10,'601700,风范股份,16.32,16.5,16.0,16.24,16.25,0.07,
2015-06-09,'601700,风范股份,16.25,16.57,16.15,16.4,16.4,-0.15,
2015-06-08,'601700,风范股份,16.4,16.91,16.31,16.73,16.73,-0.33,
2015-06-05,'601700,风范股份,16.73,17.0,16.31,16.65,16.45,0.28,
2015-06-04,'601700,风范股份,16.45,16.75,15.11,16.71,16.79,-0.34,
2015-06-03,'601700,风范股份,16.79,17.29,16.33,17.29,17.35,-0.56,
2015-06-02,'601700,风范股份,17.35,17.55,15.97,16.3,16.25,1.1,
2015-06-01,'601700,风范股份,16.25,16.38,15.61,15.71,15.71,0.54,
2015-05-29,'601700,风范股份,15.71,16.58,14.72,16.0,16.36,-0.65,
2015-05-28,'601700,风范股份,16.36,18.59,16.36,18.1,18.18,-1.82,
2015-05-27,'601700,风范股份,18.18,18.3,16.8,17.12,17.15,1.03,
2015-05-26,'601700,风范股份,17.15,17.42,16.5,16.98,17.0,0.15,
2015-05-25,'601700,风范股份,17.0,17.56,16.0,16.72,16.73,0.27,
2015-05-22,'601700,风范股份,16.73,16.73,14.98,15.33,15.21,1.52,
2015-05-21,'601700,风范股份,15.21,15.3,14.33,14.57,14.54,0.67,
2015-05-20,'601700,风范股份,14.54,14.97,14.24,14.41,14.41,0.13,
2015-05-19,'601700,风范股份,14.41,14.53,14.0,14.0,13.97,0.44,
2015-05-18,'601700,风范股份,13.97,14.26,13.5,13.75,13.89,0.08,
2015-05-15,'601700,风范股份,13.89,14.58,13.75,14.58,14.59,-0.7,
2015-05-14,'601700,风范股份,14.59,15.14,14.56,14.9,15.48,-0.89,
2015-05-13,'601700,DR风范股,15.48,15.93,14.55,14.56,14.49,0.99,
2015-05-12,'601700,风范股份,36.66,38.29,35.3,38.1,37.15,-0.49,
2015-05-11,'601700,风范股份,37.15,37.28,35.6,35.6,34.75,2.4,
2015-05-08,'601700,风范股份,34.75,34.78,33.5,34.4,33.52,1.23,
2015-05-07,'601700,风范股份,33.52,34.11,31.95,31.97,31.89,1.63,
2015-05-06,'601700,风范股份,31.89,32.68,31.53,32.3,31.51,0.38,
2015-05-05,'601700,风范股份,31.51,33.1,30.88,33.1,33.29,-1.78,
2015-05-04,'601700,风范股份,33.29,33.4,31.78,32.0,32.29,1.0,
2015-04-30,'601700,风范股份,32.29,32.65,31.31,31.55,31.55,0.74,
2015-04-29,'601700,风范股份,31.55,31.69,30.22,31.02,30.96,0.59,
2015-04-28,'601700,风范股份,30.96,32.95,30.6,32.71,32.66,-1.7,
2015-04-27,'601700,风范股份,32.66,33.88,32.44,32.44,32.44,0.22,
2015-04-24,'601700,风范股份,32.44,32.7,31.71,32.5,33.37,-0.93,
2015-04-23,'601700,风范股份,33.37,34.28,32.95,33.87,33.9,-0.53,
2015-04-22,'601700,风范股份,33.9,35.5,33.88,34.12,33.32,0.58,
2015-04-21,'601700,风范股份,33.32,33.33,30.1,30.22,30.3,3.02,
2015-04-20,'601700,风范股份,30.3,32.49,30.28,32.49,32.49,-2.19,
2015-04-17,'601700,风范股份,32.49,34.48,32.3,33.8,33.34,-0.85,
2015-04-16,'601700,风范股份,33.34,34.49,30.34,31.8,32.98,0.36,
2015-04-15,'601700,风范股份,32.98,36.55,32.98,36.55,36.64,-3.66,
2015-04-14,'601700,风范股份,36.64,39.04,36.55,38.27,39.34,-2.7,
2015-04-13,'601700,风范股份,39.34,40.5,38.5,38.5,38.45,0.89,
2015-04-10,'601700,风范股份,38.45,38.6,35.18,35.5,35.97,2.48,
2015-04-09,'601700,风范股份,35.97,38.0,34.1,38.0,37.86,-1.89,
2015-04-08,'601700,风范股份,37.86,38.0,33.9,34.25,34.59,3.27,
2015-04-07,'601700,风范股份,34.59,34.96,32.3,32.3,31.97,2.62,
2015-04-03,'601700,风范股份,31.97,32.27,28.8,28.8,29.42,2.55,
2015-04-02,'601700,风范股份,29.42,29.9,28.51,29.27,28.99,0.43,
2015-04-01,'601700,风范股份,28.99,29.27,27.4,27.6,27.72,1.27,
2015-03-31,'601700,风范股份,27.72,28.7,27.0,28.7,27.14,0.58,
2015-03-30,'601700,风范股份,27.14,27.58,25.94,25.95,25.94,1.2,
2015-03-27,'601700,风范股份,25.94,26.9,25.42,26.4,26.4,-0.46,
2015-03-26,'601700,风范股份,26.4,28.12,25.88,26.7,26.93,-0.53,
2015-03-25,'601700,风范股份,26.93,27.4,24.39,24.9,24.96,1.97,
2015-03-24,'601700,风范股份,24.96,25.6,23.71,25.6,25.37,-0.41,
2015-03-23,'601700,风范股份,25.37,25.63,24.0,24.2,23.82,1.55,
2015-03-20,'601700,风范股份,23.82,24.1,23.23,23.28,23.08,0.74,
2015-03-19,'601700,风范股份,23.08,23.1,22.41,22.7,22.74,0.34,
2015-03-18,'601700,风范股份,22.74,22.97,22.43,22.69,22.45,0.29,
2015-03-17,'601700,风范股份,22.45,22.9,22.1,22.15,22.11,0.34,
2015-03-16,'601700,风范股份,22.11,22.2,21.36,21.39,21.29,0.82,
2015-03-13,'601700,风范股份,21.29,21.4,20.88,21.4,21.28,0.01,
2015-03-12,'601700,风范股份,21.28,21.5,20.7,21.24,21.11,0.17,
2015-03-11,'601700,风范股份,21.11,21.55,20.98,21.51,21.93,-0.82,
2015-03-10,'601700,风范股份,21.93,24.08,21.9,23.0,22.79,-0.86,
2015-03-09,'601700,风范股份,22.79,23.19,22.0,23.0,23.31,-0.52,
2015-03-06,'601700,风范股份,23.31,24.08,22.5,23.15,22.95,0.36,
2015-03-05,'601700,风范股份,22.95,23.23,22.1,22.88,22.44,0.51,
2015-03-04,'601700,风范股份,22.44,22.46,21.71,21.98,21.98,0.46,
2015-03-03,'601700,风范股份,21.98,22.64,21.65,22.01,21.98,0.0,
2015-03-02,'601700,风范股份,21.98,23.0,21.4,22.01,21.86,0.12,
2015-02-27,'601700,风范股份,21.86,21.98,20.5,20.5,20.46,1.4,
2015-02-26,'601700,风范股份,20.46,20.53,19.7,19.7,19.7,0.76,
2015-02-25,'601700,风范股份,19.7,19.82,18.9,19.4,19.39,0.31,
2015-02-17,'601700,风范股份,19.39,19.5,18.91,19.09,19.08,0.31,
2015-02-16,'601700,风范股份,19.08,19.19,18.85,19.15,19.15,-0.07,
2015-02-13,'601700,风范股份,19.15,19.27,18.66,19.15,19.16,-0.01,
2015-02-12,'601700,风范股份,19.16,19.29,18.29,18.66,18.66,0.5,
2015-02-11,'601700,风范股份,18.66,19.32,18.6,19.02,19.09,-0.43,
2015-02-10,'601700,风范股份,19.09,20.0,18.87,19.41,19.4,-0.31,
2015-02-09,'601700,风范股份,19.4,19.49,17.72,18.6,18.6,0.8,
2015-02-06,'601700,风范股份,18.6,19.68,18.51,18.91,19.18,-0.58,
2015-02-05,'601700,风范股份,19.18,19.76,18.37,18.86,18.68,0.5,
2015-02-04,'601700,风范股份,18.68,19.49,18.18,19.37,19.24,-0.56,
2015-02-03,'601700,风范股份,19.24,20.29,19.0,19.1,19.29,-0.05,
2015-02-02,'601700,风范股份,19.29,20.94,19.0,20.9,20.87,-1.58,
2015-01-30,'601700,风范股份,20.87,21.29,20.65,20.77,20.67,0.2,
2015-01-29,'601700,风范股份,20.67,20.84,20.02,20.26,20.43,0.24,
2015-01-28,'601700,风范股份,20.43,20.63,19.01,19.59,19.59,0.84,
2015-01-27,'601700,风范股份,19.59,19.92,19.1,19.66,19.66,-0.07,
2015-01-26,'601700,风范股份,19.66,19.7,18.5,18.8,18.8,0.86,
2015-01-23,'601700,风范股份,18.8,19.25,18.66,18.89,18.95,-0.15,
2015-01-22,'601700,风范股份,18.95,19.05,17.67,17.9,17.89,1.06,
2015-01-21,'601700,风范股份,17.89,18.25,17.61,18.1,18.07,-0.18,
2015-01-20,'601700,风范股份,18.07,18.09,17.31,17.31,17.31,0.76,
2015-01-19,'601700,风范股份,17.31,18.1,16.52,17.22,17.38,-0.07,
2015-01-16,'601700,风范股份,17.38,17.7,16.76,16.76,16.73,0.65,
2015-01-15,'601700,风范股份,16.73,16.74,16.0,16.0,16.08,0.65,
2015-01-14,'601700,风范股份,16.08,16.53,15.93,16.15,16.15,-0.07,
2015-01-13,'601700,风范股份,16.15,16.23,15.7,15.77,15.78,0.37,
2015-01-12,'601700,风范股份,15.78,15.79,15.0,15.1,15.1,0.68,
2015-01-09,'601700,风范股份,15.1,15.36,14.92,15.06,15.06,0.04,
2015-01-08,'601700,风范股份,15.06,15.31,14.91,15.0,15.0,0.06,
2015-01-07,'601700,风范股份,15.0,15.25,14.7,14.86,14.85,0.15,
2015-01-06,'601700,风范股份,14.85,15.04,13.83,14.08,14.12,0.73,
2015-01-05,'601700,风范股份,14.12,14.22,13.49,13.7,13.7,0.42,
2014-12-31,'601700,风范股份,13.7,14.23,13.58,14.14,14.13,-0.43,
2014-12-30,'601700,风范股份,14.13,14.75,14.05,14.69,14.64,-0.51,
2014-12-29,'601700,风范股份,14.64,15.01,14.5,14.93,15.01,-0.37,
2014-12-26,'601700,风范股份,15.01,15.14,14.92,14.95,14.97,0.04,
2014-12-25,'601700,风范股份,14.97,15.16,14.86,14.87,14.85,0.12,
2014-12-24,'601700,风范股份,14.85,14.93,14.7,14.92,14.72,0.13,
2014-12-23,'601700,风范股份,14.72,15.1,14.41,14.5,14.63,0.09,
2014-12-22,'601700,风范股份,14.63,15.38,14.61,15.38,15.39,-0.76,
2014-12-19,'601700,风范股份,15.39,15.65,15.3,15.6,15.51,-0.12,
2014-12-18,'601700,风范股份,15.51,15.64,15.3,15.3,15.39,0.12,
2014-12-17,'601700,风范股份,15.39,15.85,15.36,15.85,15.89,-0.5,
2014-12-16,'601700,风范股份,15.89,16.13,15.8,16.08,16.2,-0.31,
2014-12-15,'601700,风范股份,16.2,16.44,16.02,16.4,16.49,-0.29,
2014-12-12,'601700,风范股份,16.49,16.52,15.55,15.75,15.75,0.74,
2014-12-11,'601700,风范股份,15.75,15.78,15.16,15.34,15.35,0.4,
2014-12-10,'601700,风范股份,15.35,15.38,15.01,15.05,15.12,0.23,
2014-12-09,'601700,风范股份,15.12,15.46,15.03,15.45,15.52,-0.4,
2014-12-08,'601700,风范股份,15.52,15.87,15.25,15.5,15.55,-0.03,
2014-12-05,'601700,风范股份,15.55,16.11,15.38,16.11,16.18,-0.63,
2014-12-04,'601700,风范股份,16.18,16.3,15.77,15.9,16.04,0.14,
2014-12-03,'601700,风范股份,16.04,16.29,15.57,16.07,16.07,-0.03,
2014-12-02,'601700,风范股份,16.07,16.46,15.78,15.85,16.02,0.05,
2014-12-01,'601700,风范股份,16.02,17.03,16.0,17.02,17.63,-1.61,
2014-11-28,'601700,风范股份,17.63,19.3,17.22,19.3,17.58,0.05,
2014-11-27,'601700,风范股份,0.0,0.0,0.0,0.0,17.58,None,
2014-11-26,'601700,风范股份,0.0,0.0,0.0,0.0,17.58,None,
2014-11-25,'601700,风范股份,0.0,0.0,0.0,0.0,17.58,None,
2014-11-24,'601700,风范股份,0.0,0.0,0.0,0.0,17.58,None,
2014-11-21,'601700,风范股份,0.0,0.0,0.0,0.0,17.58,None,
2014-11-20,'601700,风范股份,0.0,0.0,0.0,0.0,17.58,None,
2014-11-19,'601700,风范股份,0.0,0.0,0.0,0.0,17.58,None,
2014-11-18,'601700,风范股份,0.0,0.0,0.0,0.0,17.58,None,
2014-11-17,'601700,风范股份,0.0,0.0,0.0,0.0,17.58,None,
2014-11-14,'601700,风范股份,0.0,0.0,0.0,0.0,17.58,None,
2014-11-13,'601700,风范股份,0.0,0.0,0.0,0.0,17.58,None,
2014-11-12,'601700,风范股份,17.58,17.85,16.94,17.29,17.35,0.23,
2014-11-11,'601700,风范股份,17.35,17.81,16.54,16.6,16.52,0.83,
2014-11-10,'601700,风范股份,16.52,16.58,16.24,16.48,16.38,0.14,
2014-11-07,'601700,风范股份,16.38,16.59,16.0,16.0,16.14,0.24,
2014-11-06,'601700,风范股份,16.14,16.25,15.89,15.89,15.91,0.23,
2014-11-05,'601700,风范股份,15.91,16.09,15.85,15.89,15.86,0.05,
2014-11-04,'601700,风范股份,15.86,16.62,15.85,16.62,16.62,-0.76,
2014-11-03,'601700,风范股份,16.62,16.66,16.3,16.45,16.46,0.16,
2014-10-31,'601700,风范股份,16.46,16.5,15.94,16.16,16.18,0.28,
2014-10-30,'601700,风范股份,16.18,16.22,15.66,15.7,15.69,0.49,
2014-10-29,'601700,风范股份,15.69,15.94,15.61,15.76,15.78,-0.09,
2014-10-28,'601700,风范股份,15.78,15.8,15.42,15.57,15.56,0.22,
2014-10-27,'601700,风范股份,15.56,15.82,15.15,15.15,15.38,0.18,
2014-10-24,'601700,风范股份,15.38,15.45,14.9,15.24,15.24,0.14,
2014-10-23,'601700,风范股份,15.24,16.3,14.96,16.09,16.1,-0.86,
2014-10-22,'601700,风范股份,16.1,16.7,16.09,16.61,16.67,-0.57,
2014-10-21,'601700,风范股份,16.67,16.72,16.32,16.6,16.67,0.0,
2014-10-20,'601700,风范股份,16.67,16.87,16.36,16.36,16.32,0.35,
2014-10-17,'601700,风范股份,16.32,16.34,15.7,16.03,16.03,0.29,
2014-10-16,'601700,风范股份,16.03,16.33,15.78,15.99,16.07,-0.04,
2014-10-15,'601700,风范股份,16.07,16.3,15.61,15.75,15.74,0.33,
2014-10-14,'601700,风范股份,15.74,15.95,15.6,15.95,15.95,-0.21,
2014-10-13,'601700,风范股份,15.95,16.15,15.51,16.15,16.18,-0.23,
2014-10-10,'601700,风范股份,16.18,16.58,16.1,16.49,16.51,-0.33,
2014-10-09,'601700,风范股份,16.51,16.68,16.38,16.6,16.58,-0.07,
2014-10-08,'601700,风范股份,16.58,16.7,16.25,16.4,16.4,0.18,
2014-09-30,'601700,风范股份,16.4,16.79,15.71,15.71,15.7,0.7,
2014-09-29,'601700,风范股份,15.7,15.72,15.2,15.27,15.29,0.41,
2014-09-26,'601700,风范股份,15.29,15.59,15.16,15.2,15.28,0.01,
2014-09-25,'601700,风范股份,15.28,15.73,15.2,15.45,15.48,-0.2,
2014-09-24,'601700,风范股份,15.48,15.49,14.85,14.93,14.93,0.55,
2014-09-23,'601700,风范股份,14.93,14.94,14.82,14.9,14.87,0.06,
2014-09-22,'601700,风范股份,14.87,15.09,14.78,15.05,15.1,-0.23,
2014-09-19,'601700,风范股份,15.1,15.12,14.91,15.1,15.07,0.03,
2014-09-18,'601700,风范股份,15.07,15.07,14.72,14.95,14.96,0.11,
2014-09-17,'601700,风范股份,14.96,15.06,14.61,14.77,14.77,0.19,
2014-09-16,'601700,风范股份,14.77,15.41,14.71,15.41,15.31,-0.54,
2014-09-15,'601700,风范股份,15.31,15.66,15.22,15.66,15.66,-0.35,
2014-09-12,'601700,风范股份,15.66,15.8,15.48,15.52,15.6,0.06,
2014-09-11,'601700,风范股份,15.6,15.91,15.13,15.15,15.15,0.45,
2014-09-10,'601700,风范股份,15.15,15.32,14.78,15.02,15.1,0.05,
2014-09-09,'601700,风范股份,15.1,15.41,15.0,15.14,15.01,0.09,
2014-09-05,'601700,风范股份,15.01,15.15,14.75,14.97,14.98,0.03,
2014-09-04,'601700,风范股份,14.98,15.02,14.14,14.23,14.22,0.76,
2014-09-03,'601700,风范股份,14.22,14.38,14.06,14.26,14.2,0.02,
2014-09-02,'601700,风范股份,14.2,14.3,13.8,13.86,13.86,0.34,
2014-09-01,'601700,风范股份,13.86,13.92,13.56,13.58,13.6,0.26,
2014-08-29,'601700,风范股份,13.6,13.81,13.52,13.71,13.71,-0.11,
2014-08-28,'601700,风范股份,13.71,14.06,13.71,13.93,13.93,-0.22,
2014-08-27,'601700,风范股份,13.93,14.32,13.92,14.12,14.08,-0.15,
2014-08-26,'601700,风范股份,14.08,14.1,13.58,13.7,13.85,0.23,
2014-08-25,'601700,风范股份,13.85,13.86,13.33,13.73,13.74,0.11,
2014-08-22,'601700,风范股份,13.74,14.07,13.65,13.88,13.89,-0.15,
2014-08-21,'601700,风范股份,13.89,13.99,13.68,13.94,14.0,-0.11,
2014-08-20,'601700,风范股份,14.0,14.09,13.95,14.03,14.02,-0.02,
2014-08-19,'601700,风范股份,14.02,14.05,13.79,13.99,13.91,0.11,
2014-08-18,'601700,风范股份,13.91,14.09,13.82,13.83,13.78,0.13,
2014-08-15,'601700,风范股份,13.78,13.89,13.57,13.65,13.67,0.11,
2014-08-14,'601700,风范股份,13.67,14.15,13.5,14.13,14.13,-0.46,
2014-08-13,'601700,风范股份,14.13,14.35,13.99,14.26,14.28,-0.15,
2014-08-12,'601700,风范股份,14.28,14.32,14.11,14.25,14.26,0.02,
2014-08-11,'601700,风范股份,14.26,14.6,14.08,14.33,14.17,0.09,
2014-08-08,'601700,风范股份,14.17,14.37,14.0,14.05,14.1,0.07,
2014-08-07,'601700,风范股份,14.1,14.67,14.08,14.4,14.44,-0.34,
2014-08-06,'601700,风范股份,14.44,14.5,13.52,13.7,13.69,0.75,
2014-08-05,'601700,风范股份,13.69,13.7,13.14,13.25,13.31,0.38,
2014-08-04,'601700,风范股份,13.31,13.42,13.1,13.28,13.26,0.05,
2014-08-01,'601700,风范股份,13.26,13.43,13.01,13.43,13.48,-0.22,
2014-07-31,'601700,风范股份,13.48,13.6,13.11,13.47,13.49,-0.01,
2014-07-30,'601700,风范股份,13.49,13.77,13.18,13.18,13.18,0.31,
2014-07-29,'601700,风范股份,13.18,13.35,12.72,12.85,12.74,0.44,
2014-07-28,'601700,风范股份,12.74,12.79,11.85,11.85,11.78,0.96,
2014-07-25,'601700,风范股份,11.78,11.85,11.56,11.64,11.64,0.14,
2014-07-24,'601700,风范股份,11.64,11.68,11.48,11.65,11.58,0.06,
2014-07-23,'601700,风范股份,11.58,11.8,11.56,11.74,11.76,-0.18,
2014-07-22,'601700,风范股份,11.76,11.8,11.25,11.29,11.37,0.39,
2014-07-21,'601700,风范股份,11.37,12.53,11.28,12.48,12.53,-1.16,
2014-07-18,'601700,风范股份,12.53,12.7,12.48,12.65,12.72,-0.19,
2014-07-17,'601700,风范股份,12.72,12.83,12.55,12.74,12.76,-0.04,
2014-07-16,'601700,风范股份,12.76,12.95,12.66,12.7,12.7,0.06,
2014-07-15,'601700,风范股份,12.7,12.83,12.6,12.83,12.84,-0.14,
2014-07-14,'601700,风范股份,12.84,12.97,12.65,12.78,12.71,0.13,
2014-07-11,'601700,风范股份,12.71,12.77,12.6,12.7,12.73,-0.02,
2014-07-10,'601700,风范股份,12.73,12.77,12.53,12.73,12.7,0.03,
2014-07-09,'601700,风范股份,12.7,12.94,12.65,12.94,12.92,-0.22,
2014-07-08,'601700,风范股份,12.92,13.02,12.76,13.0,13.06,-0.14,
2014-07-07,'601700,风范股份,13.06,13.2,12.87,13.0,13.25,-0.19,
2014-07-04,'601700,风范股份,13.25,13.58,13.2,13.48,13.48,-0.23,
2014-07-03,'601700,风范股份,13.48,13.5,13.19,13.2,13.21,0.27,
2014-07-02,'601700,风范股份,13.21,13.29,13.01,13.19,13.14,0.07,
2014-07-01,'601700,风范股份,13.14,13.3,13.06,13.17,13.1,0.04,
2014-06-30,'601700,风范股份,13.1,13.18,12.96,13.08,12.97,0.13,
2014-06-27,'601700,风范股份,12.97,13.0,12.81,12.9,12.88,0.09,
2014-06-26,'601700,风范股份,12.88,13.07,12.61,12.77,12.7,0.18,
2014-06-25,'601700,风范股份,12.7,12.93,12.68,12.91,12.96,-0.26,
2014-06-24,'601700,风范股份,12.96,12.97,12.64,12.75,12.71,0.25,
2014-06-23,'601700,风范股份,12.71,12.8,12.55,12.59,12.58,0.13,
2014-06-20,'601700,风范股份,12.58,12.76,12.55,12.58,12.6,-0.02,
2014-06-19,'601700,风范股份,12.6,13.12,12.46,13.06,13.03,-0.43,
2014-06-18,'601700,风范股份,13.03,13.98,12.99,13.98,13.98,-0.95,
2014-06-17,'601700,风范股份,13.98,14.1,13.92,14.1,14.1,-0.12,
2014-06-16,'601700,风范股份,14.1,14.13,13.99,13.99,13.91,0.19,
2014-06-13,'601700,风范股份,13.91,14.03,13.82,13.94,13.93,-0.02,
2014-06-12,'601700,风范股份,13.93,14.1,13.92,14.03,14.08,-0.15,
2014-06-11,'601700,风范股份,14.08,14.36,14.01,14.01,14.01,0.07,
2014-06-10,'601700,风范股份,14.01,14.24,13.9,14.0,13.83,0.18,
2014-06-09,'601700,风范股份,13.83,14.16,13.81,13.96,13.96,-0.13,
2014-06-06,'601700,风范股份,13.96,14.38,13.86,13.98,13.94,0.02,
2014-06-05,'601700,风范股份,13.94,14.2,13.84,13.84,14.0,-0.06,
2014-06-04,'601700,风范股份,14.0,14.19,13.9,14.18,14.2,-0.2,
2014-06-03,'601700,风范股份,14.2,14.28,14.14,14.23,14.22,-0.02,
2014-05-30,'601700,风范股份,14.22,14.32,14.11,14.3,14.29,-0.07,
2014-05-29,'601700,风范股份,14.29,14.35,14.17,14.2,14.29,0.0,
2014-05-28,'601700,风范股份,14.29,14.35,14.02,14.18,14.18,0.11,
2014-05-27,'601700,风范股份,14.18,14.6,14.17,14.6,14.69,-0.51,
2014-05-26,'601700,风范股份,14.69,14.79,14.0,14.28,14.15,0.54,
2014-05-23,'601700,风范股份,14.15,14.21,13.98,14.19,14.14,0.01,
2014-05-22,'601700,风范股份,14.14,14.15,13.81,13.84,13.81,0.33,
2014-05-21,'601700,风范股份,13.81,14.25,13.7,14.25,14.18,-0.37,
2014-05-20,'601700,风范股份,14.18,14.35,14.12,14.21,14.2,-0.02,
2014-05-19,'601700,风范股份,14.2,14.29,13.81,13.93,13.94,0.26,
2014-05-16,'601700,风范股份,13.94,14.01,13.72,14.0,14.08,-0.14,
2014-05-15,'601700,风范股份,14.08,14.68,13.82,14.56,14.57,-0.49,
2014-05-14,'601700,风范股份,14.57,14.87,14.46,14.87,15.0,-0.43,
2014-05-13,'601700,风范股份,15.0,15.4,14.42,15.15,15.22,-0.22,
2014-05-12,'601700,风范股份,15.22,16.88,15.1,16.7,16.4,-1.18,
2014-05-09,'601700,风范股份,16.4,16.85,16.28,16.65,16.68,-0.28,
2014-05-08,'601700,风范股份,16.68,16.97,16.51,16.51,16.54,0.14,
2014-05-07,'601700,风范股份,16.54,16.8,16.45,16.52,16.61,-0.07,
2014-05-06,'601700,风范股份,16.61,17.26,16.53,16.77,16.84,-0.23,
2014-05-05,'601700,XD风范股,16.84,16.86,15.86,16.26,15.94,0.9,
2014-04-30,'601700,风范股份,16.26,16.37,16.04,16.18,15.94,0.32,
2014-04-29,'601700,风范股份,15.94,17.0,15.82,16.9,16.89,-0.95,
2014-04-28,'601700,风范股份,16.89,17.9,16.82,17.9,17.61,-0.72,
2014-04-25,'601700,风范股份,17.61,18.15,17.38,18.13,18.12,-0.51,
2014-04-24,'601700,风范股份,18.12,18.5,17.9,17.92,17.89,0.23,
2014-04-23,'601700,风范股份,17.89,17.9,17.46,17.51,17.46,0.43,
2014-04-22,'601700,风范股份,17.46,18.08,17.21,17.7,17.83,-0.37,
2014-04-21,'601700,风范股份,17.83,18.49,17.82,18.16,18.24,-0.41,
2014-04-18,'601700,风范股份,18.24,18.4,17.62,17.78,17.7,0.54,
2014-04-17,'601700,风范股份,17.7,17.85,17.19,17.19,17.21,0.49,
2014-04-16,'601700,风范股份,17.21,17.36,16.9,16.92,16.92,0.29,
2014-04-15,'601700,风范股份,16.92,17.48,16.87,17.48,17.41,-0.49,
2014-04-14,'601700,风范股份,17.41,17.47,17.04,17.2,17.2,0.21,
2014-04-11,'601700,风范股份,17.2,17.37,16.76,16.76,16.87,0.33,
2014-04-10,'601700,风范股份,16.87,17.48,16.79,17.08,17.07,-0.2,
2014-04-09,'601700,风范股份,17.07,17.17,16.71,16.91,16.83,0.24,
2014-04-08,'601700,风范股份,16.83,16.96,16.51,16.55,16.59,0.24,
2014-04-04,'601700,风范股份,16.59,16.85,16.48,16.48,16.61,-0.02,
2014-04-03,'601700,风范股份,16.61,16.88,16.31,16.5,16.4,0.21,
2014-04-02,'601700,风范股份,16.4,16.5,16.21,16.5,16.5,-0.1,
2014-04-01,'601700,风范股份,16.5,16.58,16.17,16.17,16.2,0.3,
2014-03-31,'601700,风范股份,16.2,16.28,15.88,16.17,16.27,-0.07,
2014-03-28,'601700,风范股份,16.27,16.62,16.0,16.41,16.44,-0.17,
2014-03-27,'601700,风范股份,16.44,17.39,16.22,16.5,16.53,-0.09,
2014-03-26,'601700,风范股份,16.53,16.75,16.1,16.5,16.62,-0.09,
2014-03-25,'601700,风范股份,16.62,17.55,15.9,17.49,17.6,-0.98,
2014-03-24,'601700,风范股份,17.6,17.88,17.05,17.05,17.1,0.5,
2014-03-21,'601700,风范股份,17.1,17.2,16.41,17.0,17.03,0.07,
2014-03-20,'601700,风范股份,17.03,17.75,16.97,17.6,17.6,-0.57,
2014-03-19,'601700,风范股份,17.6,18.0,17.06,17.23,17.24,0.36,
2014-03-18,'601700,风范股份,17.24,17.3,16.6,16.6,16.43,0.81,
2014-03-17,'601700,风范股份,16.43,16.45,16.03,16.14,16.15,0.28,
2014-03-14,'601700,风范股份,16.15,16.36,16.01,16.26,16.33,-0.18,
2014-03-13,'601700,风范股份,16.33,16.39,16.01,16.02,16.02,0.31,
2014-03-12,'601700,风范股份,16.02,16.63,15.6,16.55,16.51,-0.49,
2014-03-11,'601700,风范股份,16.51,16.72,16.4,16.4,16.5,0.01,
2014-03-10,'601700,风范股份,16.5,17.17,16.4,17.09,16.95,-0.45,
2014-03-07,'601700,风范股份,16.95,17.06,16.81,16.9,16.94,0.01,
2014-03-06,'601700,风范股份,16.94,16.97,16.4,16.81,16.83,0.11,
2014-03-05,'601700,风范股份,16.83,17.21,16.7,17.0,16.95,-0.12,
2014-03-04,'601700,风范股份,16.95,17.35,16.76,17.22,17.19,-0.24,
2014-03-03,'601700,风范股份,17.19,17.28,16.42,16.42,16.49,0.7,
2014-02-28,'601700,风范股份,16.49,16.8,16.0,16.4,16.4,0.09,
2014-02-27,'601700,风范股份,16.4,17.45,16.0,16.0,16.85,-0.45,
2014-02-26,'601700,风范股份,16.85,16.94,15.6,16.9,17.28,-0.43,
2014-02-25,'601700,风范股份,17.28,18.34,17.0,18.1,18.13,-0.85,
2014-02-24,'601700,风范股份,18.13,18.25,17.36,17.94,17.94,0.19,
2014-02-21,'601700,风范股份,17.94,18.43,17.78,18.0,17.91,0.03,
2014-02-20,'601700,风范股份,17.91,18.73,17.72,18.42,18.4,-0.49,
2014-02-19,'601700,风范股份,18.4,18.7,17.91,18.7,18.75,-0.35,
2014-02-18,'601700,风范股份,18.75,19.04,17.5,17.79,17.57,1.18,
2014-02-17,'601700,风范股份,17.57,17.57,16.39,16.45,15.97,1.6,
2014-02-14,'601700,风范股份,15.97,15.99,15.6,15.79,15.78,0.19,
2014-02-13,'601700,风范股份,15.78,16.2,15.6,16.01,16.0,-0.22,
2014-02-12,'601700,风范股份,16.0,16.1,15.45,15.49,15.54,0.46,
2014-02-11,'601700,风范股份,15.54,16.11,15.3,15.77,15.77,-0.23,
2014-02-10,'601700,风范股份,15.77,15.78,14.85,15.05,15.11,0.66,
2014-02-07,'601700,风范股份,15.11,15.26,14.59,14.7,15.06,0.05,
2014-01-30,'601700,风范股份,15.06,15.23,14.62,15.01,15.24,-0.18,
2014-01-29,'601700,风范股份,15.24,15.32,14.9,15.23,15.06,0.18,
2014-01-28,'601700,风范股份,15.06,15.58,14.88,15.22,15.24,-0.18,
2014-01-27,'601700,风范股份,15.24,15.3,14.65,14.71,14.73,0.51,
2014-01-24,'601700,风范股份,14.73,15.52,14.28,14.28,14.3,0.43,
2014-01-23,'601700,风范股份,14.3,14.57,14.25,14.44,14.33,-0.03,
2014-01-22,'601700,风范股份,14.33,14.45,13.92,13.92,14.01,0.32,
2014-01-21,'601700,风范股份,14.01,14.35,13.8,13.85,13.92,0.09,
2014-01-20,'601700,风范股份,13.92,13.99,13.22,13.3,13.3,0.62,
2014-01-17,'601700,风范股份,13.3,13.53,13.29,13.33,13.47,-0.17,
2014-01-16,'601700,风范股份,13.47,13.54,13.2,13.46,13.41,0.06,
2014-01-15,'601700,风范股份,13.41,13.57,13.21,13.3,13.54,-0.13,
2014-01-14,'601700,风范股份,13.54,13.84,13.33,13.65,13.68,-0.14,
2014-01-13,'601700,风范股份,13.68,13.88,13.3,13.88,13.78,-0.1,
2014-01-10,'601700,风范股份,13.78,14.5,13.64,14.17,13.98,-0.2,
2014-01-09,'601700,风范股份,13.98,14.2,13.4,13.48,13.47,0.51,
2014-01-08,'601700,风范股份,13.47,13.58,13.2,13.35,13.39,0.08,
2014-01-07,'601700,风范股份,13.39,13.54,12.99,13.15,13.2,0.19,
2014-01-06,'601700,风范股份,13.2,13.65,13.15,13.15,13.11,0.09,
2014-01-03,'601700,风范股份,13.11,13.17,12.77,12.87,12.98,0.13,
2014-01-02,'601700,风范股份,12.98,13.15,12.8,12.9,12.93,0.05,
2013-12-31,'601700,风范股份,12.93,13.1,12.2,12.6,12.6,0.33,
2013-12-30,'601700,风范股份,12.6,13.4,12.49,13.29,13.18,-0.58,
2013-12-27,'601700,风范股份,13.18,13.27,12.73,12.91,12.92,0.26,
2013-12-26,'601700,风范股份,12.92,13.5,12.71,13.5,13.33,-0.41,
2013-12-25,'601700,风范股份,13.33,13.35,12.82,12.82,12.81,0.52,
2013-12-24,'601700,风范股份,12.81,12.87,12.06,12.06,12.05,0.76,
2013-12-23,'601700,风范股份,12.05,12.29,11.88,12.19,11.7,0.35,
2013-12-20,'601700,风范股份,11.7,12.37,11.7,12.32,12.32,-0.62,
2013-12-19,'601700,风范股份,12.32,12.65,12.23,12.23,12.3,0.02,
2013-12-18,'601700,风范股份,12.3,13.1,12.02,13.1,13.13,-0.83,
2013-12-17,'601700,风范股份,13.13,14.4,13.12,14.2,13.99,-0.86,
2013-12-16,'601700,风范股份,13.99,14.23,13.55,13.55,13.48,0.51,
2013-12-13,'601700,风范股份,13.48,13.56,13.3,13.3,13.39,0.09,
2013-12-12,'601700,风范股份,13.39,13.64,13.35,13.42,13.42,-0.03,
2013-12-11,'601700,风范股份,13.42,13.78,13.28,13.75,13.8,-0.38,
2013-12-10,'601700,风范股份,13.8,14.3,13.74,13.95,13.94,-0.14,
2013-12-09,'601700,风范股份,13.94,13.97,13.75,13.8,13.75,0.19,
2013-12-06,'601700,风范股份,13.75,14.08,13.71,13.88,13.88,-0.13,
2013-12-05,'601700,风范股份,13.88,14.38,13.79,13.79,13.8,0.08,
2013-12-04,'601700,风范股份,13.8,13.8,13.55,13.55,13.61,0.19,
2013-12-03,'601700,风范股份,13.61,13.75,13.3,13.31,13.37,0.24,
2013-12-02,'601700,风范股份,13.37,14.15,13.28,13.8,13.78,-0.41,
2013-11-29,'601700,风范股份,13.78,13.8,13.32,13.32,13.3,0.48,
2013-11-28,'601700,风范股份,13.3,13.78,13.17,13.63,13.63,-0.33,
2013-11-27,'601700,风范股份,13.63,13.8,13.47,13.8,13.75,-0.12,
2013-11-26,'601700,风范股份,13.75,13.77,13.47,13.53,13.53,0.22,
2013-11-25,'601700,风范股份,13.53,14.1,13.35,13.71,13.84,-0.31,
2013-11-22,'601700,风范股份,13.84,14.59,13.81,14.48,14.25,-0.41,
2013-11-21,'601700,风范股份,14.25,14.27,13.79,14.2,14.16,0.09,
2013-11-20,'601700,风范股份,14.16,14.26,13.31,13.31,13.39,0.77,
2013-11-19,'601700,风范股份,13.39,13.78,13.36,13.68,13.58,-0.19,
2013-11-18,'601700,风范股份,13.58,13.6,12.93,12.93,12.93,0.65,
2013-11-15,'601700,风范股份,12.93,13.1,12.6,12.7,12.7,0.23,
2013-11-14,'601700,风范股份,12.7,12.88,12.35,12.38,12.51,0.19,
2013-11-13,'601700,风范股份,12.51,12.9,12.5,12.88,12.93,-0.42,
2013-11-12,'601700,风范股份,12.93,13.05,12.3,12.55,12.6,0.33,
2013-11-11,'601700,风范股份,12.6,12.77,12.5,12.51,12.77,-0.17,
2013-11-08,'601700,风范股份,12.77,13.08,12.0,13.0,12.99,-0.22,
2013-11-07,'601700,风范股份,12.99,13.13,12.59,12.76,12.58,0.41,
2013-11-06,'601700,风范股份,12.58,13.2,12.48,12.55,12.57,0.01,
2013-11-05,'601700,风范股份,12.57,12.73,12.0,12.3,12.35,0.22,
2013-11-04,'601700,风范股份,12.35,12.38,11.83,11.89,11.95,0.4,
2013-11-01,'601700,风范股份,11.95,12.7,11.91,12.5,12.8,-0.85,
2013-10-31,'601700,风范股份,12.8,13.25,12.57,12.93,12.92,-0.12,
2013-10-30,'601700,风范股份,12.92,12.98,11.95,12.02,12.03,0.89,
2013-10-29,'601700,风范股份,12.03,12.15,11.61,11.9,12.01,0.02,
2013-10-28,'601700,风范股份,12.01,12.1,11.9,11.96,12.06,-0.05,
2013-10-25,'601700,风范股份,12.06,12.17,11.69,12.07,12.05,0.01,
2013-10-24,'601700,风范股份,12.05,12.19,11.91,11.97,11.97,0.08,
2013-10-23,'601700,风范股份,11.97,12.49,11.95,12.4,12.4,-0.43,
2013-10-22,'601700,风范股份,12.4,12.43,12.03,12.41,12.4,0.0,
2013-10-21,'601700,风范股份,12.4,12.79,12.21,12.21,12.19,0.21,
2013-10-18,'601700,风范股份,12.19,12.33,12.01,12.15,12.12,0.07,
2013-10-17,'601700,风范股份,12.12,12.56,11.92,12.42,12.4,-0.28,
2013-10-16,'601700,风范股份,12.4,12.7,12.1,12.45,12.41,-0.01,
2013-10-15,'601700,风范股份,12.41,12.85,11.81,11.81,11.68,0.73,
2013-10-14,'601700,风范股份,11.68,11.68,10.68,10.73,10.62,1.06,
2013-10-11,'601700,风范股份,10.62,10.64,10.41,10.49,10.39,0.23,
2013-10-10,'601700,风范股份,10.39,10.6,10.31,10.52,10.49,-0.1,
2013-10-09,'601700,风范股份,10.49,10.6,10.27,10.4,10.45,0.04,
2013-10-08,'601700,风范股份,10.45,10.58,10.06,10.25,10.25,0.2,
2013-09-30,'601700,风范股份,10.25,10.46,9.9,9.92,9.9,0.35,
2013-09-27,'601700,风范股份,9.9,9.99,9.7,9.82,9.9,0.0,
2013-09-26,'601700,风范股份,9.9,10.1,9.87,9.98,9.98,-0.08,
2013-09-25,'601700,风范股份,9.98,10.38,9.94,10.0,10.0,-0.02,
2013-09-24,'601700,风范股份,10.0,10.2,9.93,10.2,10.3,-0.3,
2013-09-23,'601700,风范股份,10.3,10.39,9.62,9.65,9.58,0.72,
2013-09-18,'601700,风范股份,9.58,9.58,9.16,9.22,9.15,0.43,
2013-09-17,'601700,风范股份,9.15,9.25,9.11,9.23,9.23,-0.08,
2013-09-16,'601700,风范股份,9.23,9.28,9.15,9.23,9.23,0.0,
2013-09-13,'601700,风范股份,9.23,9.24,9.08,9.16,9.21,0.02,
2013-09-12,'601700,风范股份,9.21,9.36,9.06,9.3,9.31,-0.1,
2013-09-11,'601700,风范股份,9.31,9.46,9.24,9.31,9.31,0.0,
2013-09-10,'601700,风范股份,9.31,9.58,9.18,9.55,9.53,-0.22,
2013-09-09,'601700,风范股份,9.53,9.59,9.47,9.51,9.52,0.01,
2013-09-06,'601700,风范股份,9.52,9.7,9.47,9.65,9.67,-0.15,
2013-09-05,'601700,风范股份,9.67,9.92,9.43,9.52,9.5,0.17,
2013-09-04,'601700,风范股份,9.5,9.52,9.29,9.39,9.37,0.13,
2013-09-03,'601700,风范股份,9.37,9.38,9.24,9.24,9.28,0.09,
2013-09-02,'601700,风范股份,9.28,9.43,9.23,9.28,9.35,-0.07,
2013-08-30,'601700,风范股份,9.35,9.55,9.33,9.44,9.44,-0.09,
2013-08-29,'601700,风范股份,9.44,9.53,9.31,9.31,9.36,0.08,
2013-08-28,'601700,风范股份,9.36,9.55,9.32,9.43,9.43,-0.07,
2013-08-27,'601700,风范股份,9.43,9.59,9.33,9.59,9.6,-0.17,
2013-08-26,'601700,风范股份,9.6,9.65,9.44,9.45,9.56,0.04,
2013-08-23,'601700,风范股份,9.56,9.84,9.4,9.72,9.78,-0.22,
2013-08-22,'601700,风范股份,9.78,9.99,9.7,9.99,10.01,-0.23,
2013-08-21,'601700,风范股份,10.01,10.25,9.92,9.99,9.86,0.15,
2013-08-20,'601700,风范股份,9.86,9.92,9.62,9.66,9.72,0.14,
2013-08-19,'601700,风范股份,9.72,9.8,9.38,9.4,9.4,0.32,
2013-08-16,'601700,风范股份,9.4,9.9,9.37,9.54,9.7,-0.3,
2013-08-15,'601700,风范股份,9.7,9.99,9.6,9.89,9.89,-0.19,
2013-08-14,'601700,风范股份,9.89,10.33,9.79,10.2,10.2,-0.31,
2013-08-13,'601700,风范股份,10.2,10.88,10.18,10.8,10.14,0.06,
2013-08-12,'601700,风范股份,0.0,0.0,0.0,0.0,10.14,None,
2013-08-09,'601700,风范股份,10.14,10.4,9.99,10.38,10.28,-0.14,
2013-08-08,'601700,风范股份,10.28,10.29,9.9,9.95,9.99,0.29,
2013-08-07,'601700,风范股份,9.99,10.11,9.8,10.0,10.02,-0.03,
2013-08-06,'601700,风范股份,10.02,10.24,9.45,9.62,9.45,0.57,
2013-08-05,'601700,风范股份,0.0,0.0,0.0,0.0,9.45,None,
2013-08-02,'601700,风范股份,9.45,9.57,9.05,9.12,9.09,0.36,
2013-08-01,'601700,风范股份,9.09,9.13,8.95,9.02,9.02,0.07,
2013-07-31,'601700,风范股份,9.02,9.36,9.0,9.25,9.18,-0.16,
2013-07-30,'601700,风范股份,9.18,9.2,8.67,8.67,8.71,0.47,
2013-07-29,'601700,风范股份,8.71,8.99,8.54,8.74,8.61,0.1,
2013-07-26,'601700,风范股份,8.61,9.0,8.42,8.95,8.9,-0.29,
2013-07-25,'601700,风范股份,8.9,9.14,8.89,9.01,9.08,-0.18,
2013-07-24,'601700,风范股份,9.08,9.23,8.78,8.95,8.95,0.13,
2013-07-23,'601700,风范股份,8.95,9.19,8.33,8.45,8.46,0.49,
2013-07-22,'601700,风范股份,8.46,8.5,7.79,7.89,7.78,0.68,
2013-07-19,'601700,风范股份,7.78,7.85,7.42,7.42,7.43,0.35,
2013-07-18,'601700,风范股份,7.43,7.59,7.43,7.56,7.59,-0.16,
2013-07-17,'601700,风范股份,7.59,7.78,7.58,7.69,7.73,-0.14,
2013-07-16,'601700,风范股份,7.73,7.74,7.6,7.6,7.6,0.13,
2013-07-15,'601700,风范股份,7.6,7.67,7.49,7.51,7.52,0.08,
2013-07-12,'601700,风范股份,7.52,7.77,7.52,7.66,7.68,-0.16,
2013-07-11,'601700,风范股份,7.68,7.77,7.43,7.5,7.5,0.18,
2013-07-10,'601700,风范股份,7.5,7.5,7.3,7.3,7.35,0.15,
2013-07-09,'601700,风范股份,7.35,7.52,7.3,7.49,7.44,-0.09,
2013-07-08,'601700,风范股份,7.44,7.55,7.21,7.25,7.22,0.22,
2013-07-05,'601700,风范股份,7.22,7.37,7.21,7.3,7.31,-0.09,
2013-07-04,'601700,风范股份,7.31,7.44,7.17,7.22,7.3,0.01,
2013-07-03,'601700,风范股份,7.3,7.42,7.17,7.42,7.5,-0.2,
2013-07-02,'601700,风范股份,7.5,7.53,7.36,7.51,7.51,-0.01,
2013-07-01,'601700,风范股份,7.51,7.57,7.35,7.39,7.53,-0.02,
2013-06-28,'601700,风范股份,7.53,7.74,7.38,7.55,7.29,0.24,
2013-06-27,'601700,风范股份,7.29,7.76,7.24,7.73,7.76,-0.47,
2013-06-26,'601700,风范股份,7.76,7.79,7.4,7.7,7.69,0.07,
2013-06-25,'601700,风范股份,7.69,7.7,6.74,7.21,7.03,0.66,
2013-06-24,'601700,风范股份,7.03,7.34,6.68,7.32,7.35,-0.32,
2013-06-21,'601700,风范股份,7.35,7.53,7.25,7.53,7.58,-0.23,
2013-06-20,'601700,风范股份,7.58,7.83,7.56,7.78,7.84,-0.26,
2013-06-19,'601700,风范股份,7.84,7.85,7.67,7.78,7.82,0.02,
2013-06-18,'601700,风范股份,7.82,7.88,7.74,7.76,7.75,0.07,
2013-06-17,'601700,风范股份,7.75,7.83,7.72,7.79,7.76,-0.01,
2013-06-14,'601700,风范股份,7.76,7.8,7.62,7.62,7.64,0.12,
2013-06-13,'601700,风范股份,7.64,7.91,7.58,7.91,7.91,-0.27,
2013-06-07,'601700,风范股份,7.91,8.26,7.9,8.18,8.16,-0.25,
2013-06-06,'601700,风范股份,8.16,8.34,8.12,8.33,8.33,-0.17,
2013-06-05,'601700,风范股份,8.33,8.35,8.18,8.22,8.22,0.11,
2013-06-04,'601700,风范股份,8.22,8.49,8.15,8.44,8.44,-0.22,
2013-06-03,'601700,风范股份,8.44,8.56,8.42,8.55,8.54,-0.1,
2013-05-31,'601700,风范股份,8.54,8.83,8.53,8.83,8.82,-0.28,
2013-05-30,'601700,风范股份,8.82,8.93,8.74,8.8,8.9,-0.08,
2013-05-29,'601700,风范股份,8.9,8.95,8.67,8.84,8.87,0.03,
2013-05-28,'601700,风范股份,8.87,8.95,8.65,8.89,8.86,0.01,
2013-05-27,'601700,风范股份,8.86,8.87,8.36,8.36,8.35,0.51,
2013-05-24,'601700,风范股份,8.35,8.39,8.24,8.24,8.28,0.07,
2013-05-23,'601700,风范股份,8.28,8.39,8.22,8.28,8.29,-0.01,
2013-05-22,'601700,风范股份,8.29,8.48,8.26,8.46,8.46,-0.17,
2013-05-21,'601700,风范股份,8.46,8.46,8.18,8.34,8.3,0.16,
2013-05-20,'601700,风范股份,8.3,8.32,8.05,8.1,8.05,0.25,
2013-05-17,'601700,风范股份,8.05,8.06,7.85,7.93,7.93,0.12,
2013-05-16,'601700,风范股份,7.93,7.98,7.83,7.95,7.95,-0.02,
2013-05-15,'601700,风范股份,7.95,7.95,7.81,7.83,7.82,0.13,
2013-05-14,'601700,风范股份,7.82,8.0,7.8,8.0,8.0,-0.18,
2013-05-13,'601700,风范股份,8.0,8.05,7.9,7.97,7.97,0.03,
2013-05-10,'601700,风范股份,7.97,7.97,7.77,7.78,7.79,0.18,
2013-05-09,'601700,风范股份,7.79,7.88,7.76,7.88,7.93,-0.14,
2013-05-08,'601700,风范股份,7.93,7.98,7.8,7.92,7.93,0.0,
2013-05-07,'601700,风范股份,7.93,7.96,7.87,7.96,7.93,0.0,
2013-05-06,'601700,风范股份,7.93,7.95,7.85,7.91,7.87,0.06,
2013-05-03,'601700,风范股份,7.87,7.92,7.72,7.77,7.7,0.17,
2013-05-02,'601700,风范股份,7.7,7.81,7.69,7.75,7.75,-0.05,
2013-04-26,'601700,风范股份,7.75,7.88,7.74,7.79,7.79,-0.04,
2013-04-25,'601700,风范股份,7.79,7.95,7.79,7.95,7.98,-0.19,
2013-04-24,'601700,风范股份,7.98,8.05,7.78,7.78,7.83,0.15,
2013-04-23,'601700,风范股份,7.83,8.25,7.8,8.23,8.26,-0.43,
2013-04-22,'601700,风范股份,8.26,8.41,8.18,8.41,8.41,-0.15,
2013-04-19,'601700,风范股份,8.41,8.5,8.31,8.38,8.39,0.02,
2013-04-18,'601700,风范股份,8.39,8.47,7.88,7.9,7.93,0.46,
2013-04-17,'601700,风范股份,7.93,7.97,7.86,7.86,7.85,0.08,
2013-04-16,'601700,风范股份,7.85,7.9,7.74,7.79,7.95,-0.1,
2013-04-15,'601700,风范股份,7.95,8.13,7.95,8.07,8.1,-0.15,
2013-04-12,'601700,风范股份,8.1,8.29,8.08,8.29,8.26,-0.16,
2013-04-11,'601700,风范股份,8.26,8.33,8.2,8.2,8.19,0.07,
2013-04-10,'601700,风范股份,8.19,8.45,8.14,8.3,8.31,-0.12,
2013-04-09,'601700,风范股份,8.31,8.32,8.15,8.15,8.15,0.16,
2013-04-08,'601700,风范股份,8.15,8.4,7.95,8.4,8.44,-0.29,
2013-04-03,'601700,风范股份,8.44,8.77,8.4,8.77,8.82,-0.38,
2013-04-02,'601700,DR风范股,8.82,9.03,8.61,8.7,8.82,0.0,
2013-04-01,'601700,风范股份,18.13,18.38,18.06,18.22,18.22,-0.09,
2013-03-29,'601700,风范股份,18.22,18.46,18.15,18.36,18.31,-0.09,
2013-03-28,'601700,风范股份,18.31,18.76,18.29,18.76,18.7,-0.39,
2013-03-27,'601700,风范股份,18.7,18.98,18.55,18.9,18.6,0.1,
2013-03-26,'601700,风范股份,18.6,18.66,18.25,18.66,18.76,-0.16,
2013-03-25,'601700,风范股份,18.76,19.15,18.7,19.02,19.08,-0.32,
2013-03-22,'601700,风范股份,19.08,19.1,18.74,18.79,18.84,0.24,
2013-03-21,'601700,风范股份,18.84,18.92,18.68,18.78,18.77,0.07,
2013-03-20,'601700,风范股份,18.77,18.85,18.18,18.43,18.25,0.52,
2013-03-19,'601700,风范股份,18.25,18.3,17.95,18.23,18.1,0.15,
2013-03-18,'601700,风范股份,18.1,18.4,18.0,18.13,18.29,-0.19,
2013-03-15,'601700,风范股份,18.29,18.6,17.91,18.32,18.31,-0.02,
2013-03-14,'601700,风范股份,18.31,18.75,18.25,18.65,18.62,-0.31,
2013-03-13,'601700,风范股份,18.62,18.78,18.5,18.58,18.61,0.01,
2013-03-12,'601700,风范股份,18.61,19.23,18.5,19.06,19.23,-0.62,
2013-03-11,'601700,风范股份,19.23,19.27,18.61,18.67,18.7,0.53,
2013-03-08,'601700,风范股份,18.7,19.16,18.66,19.03,19.03,-0.33,
2013-03-07,'601700,风范股份,19.03,19.37,18.69,19.18,19.38,-0.35,
2013-03-06,'601700,风范股份,19.38,19.8,19.28,19.3,18.63,0.75,
2013-03-05,'601700,风范股份,18.63,18.69,18.25,18.25,18.32,0.31,
2013-03-04,'601700,风范股份,18.32,18.85,18.12,18.85,18.99,-0.67,
2013-03-01,'601700,风范股份,18.99,19.19,18.8,18.9,18.73,0.26,
2013-02-28,'601700,风范股份,18.73,18.74,18.31,18.31,18.41,0.32,
2013-02-27,'601700,风范股份,18.41,18.86,18.15,18.73,18.73,-0.32,
2013-02-26,'601700,风范股份,18.73,19.8,18.6,19.8,19.5,-0.77,
2013-02-25,'601700,风范股份,19.5,19.64,19.14,19.24,19.24,0.26,
2013-02-22,'601700,风范股份,19.24,19.26,18.94,19.18,19.18,0.06,
2013-02-21,'601700,风范股份,19.18,19.2,18.78,19.11,19.27,-0.09,
2013-02-20,'601700,风范股份,19.27,19.3,18.74,18.98,18.85,0.42,
2013-02-19,'601700,风范股份,18.85,19.46,18.76,19.27,19.27,-0.42,
2013-02-18,'601700,风范股份,19.27,19.84,19.12,19.84,19.54,-0.27,
2013-02-08,'601700,风范股份,19.54,19.99,18.6,18.63,18.69,0.85,
2013-02-07,'601700,风范股份,18.69,18.71,18.38,18.58,18.54,0.15,
2013-02-06,'601700,风范股份,18.54,18.78,18.12,18.12,18.29,0.25,
2013-02-05,'601700,风范股份,18.29,18.36,17.81,17.98,18.09,0.2,
2013-02-04,'601700,风范股份,18.09,18.54,17.99,18.45,18.35,-0.26,
2013-02-01,'601700,风范股份,18.35,18.36,17.97,18.1,18.1,0.25,
2013-01-31,'601700,风范股份,18.1,18.24,17.92,18.24,18.21,-0.11,
2013-01-30,'601700,风范股份,18.21,18.75,18.0,18.75,18.71,-0.5,
2013-01-29,'601700,风范股份,18.71,18.84,18.23,18.23,18.29,0.42,
2013-01-28,'601700,风范股份,18.29,18.48,17.81,17.94,17.8,0.49,
2013-01-25,'601700,风范股份,17.8,18.13,17.69,17.8,17.7,0.1,
2013-01-24,'601700,风范股份,17.7,18.51,17.55,18.51,18.59,-0.89,
2013-01-23,'601700,风范股份,18.59,18.68,18.0,18.41,18.41,0.18,
2013-01-22,'601700,风范股份,18.41,19.39,18.25,19.1,19.33,-0.92,
2013-01-21,'601700,风范股份,19.33,19.64,18.62,18.62,18.47,0.86,
2013-01-18,'601700,风范股份,18.47,18.89,18.32,18.45,18.81,-0.34,
2013-01-17,'601700,风范股份,18.81,19.79,18.51,18.6,18.27,0.54,
2013-01-16,'601700,风范股份,18.27,18.3,17.21,17.4,17.4,0.87,
2013-01-15,'601700,风范股份,17.4,17.47,17.1,17.21,17.33,0.07,
2013-01-14,'601700,风范股份,17.33,17.6,16.39,16.5,16.36,0.97,
2013-01-11,'601700,风范股份,16.36,16.84,16.0,16.0,16.12,0.24,
2013-01-10,'601700,风范股份,16.12,16.35,15.91,16.05,15.99,0.13,
2013-01-09,'601700,风范股份,15.99,16.4,15.85,15.91,16.16,-0.17,
2013-01-08,'601700,风范股份,16.16,16.6,15.21,15.31,15.33,0.83,
2013-01-07,'601700,风范股份,15.33,15.35,14.89,15.1,15.11,0.22,
2013-01-04,'601700,风范股份,15.11,15.45,14.85,15.3,15.19,-0.08,
2012-12-31,'601700,风范股份,15.19,15.45,15.05,15.12,15.16,0.03,
2012-12-28,'601700,风范股份,15.16,15.19,14.61,14.7,14.73,0.43,
2012-12-27,'601700,风范股份,14.73,15.48,14.72,15.1,15.09,-0.36,
2012-12-26,'601700,风范股份,15.09,15.14,14.54,14.55,14.5,0.59,
2012-12-25,'601700,风范股份,14.5,14.68,14.09,14.14,14.14,0.36,
2012-12-24,'601700,风范股份,14.14,14.23,13.86,13.86,13.85,0.29,
2012-12-21,'601700,风范股份,13.85,13.94,13.68,13.68,13.68,0.17,
2012-12-20,'601700,风范股份,13.68,13.77,13.55,13.55,13.62,0.06,
2012-12-19,'601700,风范股份,13.62,13.68,13.57,13.6,13.6,0.02,
2012-12-18,'601700,风范股份,13.6,13.75,13.58,13.58,13.64,-0.04,
2012-12-17,'601700,风范股份,13.64,13.78,13.52,13.61,13.61,0.03,
2012-12-14,'601700,风范股份,13.61,13.72,13.15,13.2,13.13,0.48,
2012-12-13,'601700,风范股份,13.13,13.37,13.12,13.25,13.37,-0.24,
2012-12-12,'601700,风范股份,13.37,13.44,13.3,13.38,13.38,-0.01,
2012-12-11,'601700,风范股份,13.38,13.55,13.28,13.48,13.43,-0.05,
2012-12-10,'601700,风范股份,13.43,13.45,13.11,13.22,13.23,0.2,
2012-12-07,'601700,风范股份,13.23,13.38,12.93,12.94,12.97,0.26,
2012-12-06,'601700,风范股份,12.97,13.12,12.95,13.12,13.07,-0.1,
2012-12-05,'601700,风范股份,13.07,13.19,12.54,12.54,12.64,0.43,
2012-12-04,'601700,风范股份,12.64,12.69,12.32,12.65,12.63,0.01,
2012-12-03,'601700,风范股份,12.63,12.93,12.52,12.82,12.94,-0.31,
2012-11-30,'601700,风范股份,12.94,12.98,12.74,12.98,12.86,0.08,
2012-11-29,'601700,风范股份,12.86,13.47,12.8,13.2,13.3,-0.44,
2012-11-28,'601700,风范股份,13.3,13.5,13.2,13.37,13.37,-0.07,
2012-11-27,'601700,风范股份,13.37,13.92,13.34,13.78,13.78,-0.41,
2012-11-26,'601700,风范股份,13.78,13.99,13.77,13.85,13.91,-0.13,
2012-11-23,'601700,风范股份,13.91,14.02,13.88,13.89,13.94,-0.03,
2012-11-22,'601700,风范股份,13.94,14.0,13.83,14.0,14.0,-0.06,
2012-11-21,'601700,风范股份,14.0,14.0,13.76,13.88,13.89,0.11,
2012-11-20,'601700,风范股份,13.89,13.96,13.86,13.95,13.87,0.02,
2012-11-19,'601700,风范股份,13.87,13.88,13.7,13.7,13.78,0.09,
2012-11-16,'601700,风范股份,13.78,14.12,13.75,14.11,13.95,-0.17,
2012-11-15,'601700,风范股份,13.95,14.18,13.92,14.1,14.15,-0.2,
2012-11-14,'601700,风范股份,14.15,14.24,14.0,14.07,14.1,0.05,
2012-11-13,'601700,风范股份,14.1,14.28,14.09,14.28,14.21,-0.11,
2012-11-12,'601700,风范股份,14.21,14.28,14.15,14.21,14.18,0.03,
2012-11-09,'601700,风范股份,14.18,14.29,14.1,14.19,14.19,-0.01,
2012-11-08,'601700,风范股份,14.19,14.46,14.18,14.42,14.5,-0.31,
2012-11-07,'601700,风范股份,14.5,14.56,14.42,14.43,14.51,-0.01,
2012-11-06,'601700,风范股份,14.51,14.73,14.4,14.67,14.69,-0.18,
2012-11-05,'601700,风范股份,14.69,14.7,14.58,14.62,14.69,0.0,
2012-11-02,'601700,风范股份,14.69,14.75,14.55,14.7,14.69,0.0,
2012-11-01,'601700,风范股份,14.69,14.75,14.42,14.45,14.5,0.19,
2012-10-31,'601700,风范股份,14.5,14.51,14.35,14.42,14.41,0.09,
2012-10-30,'601700,风范股份,14.41,14.52,14.39,14.4,14.4,0.01,
2012-10-29,'601700,风范股份,14.4,14.49,14.35,14.41,14.43,-0.03,
2012-10-26,'601700,风范股份,14.43,14.78,14.41,14.71,14.78,-0.35,
2012-10-25,'601700,风范股份,14.78,14.96,14.7,14.82,14.89,-0.11,
2012-10-24,'601700,风范股份,14.89,15.02,14.75,15.0,15.15,-0.26,
2012-10-23,'601700,风范股份,15.15,15.27,14.92,15.23,15.11,0.04,
2012-10-22,'601700,风范股份,15.11,15.13,14.79,14.81,14.84,0.27,
2012-10-19,'601700,风范股份,14.84,15.02,14.73,14.8,14.77,0.07,
2012-10-18,'601700,风范股份,14.77,14.82,14.58,14.7,14.53,0.24,
2012-10-17,'601700,风范股份,14.53,14.69,14.5,14.51,14.48,0.05,
2012-10-16,'601700,风范股份,14.48,14.64,14.42,14.45,14.46,0.02,
2012-10-15,'601700,风范股份,14.46,14.65,14.41,14.56,14.63,-0.17,
2012-10-12,'601700,风范股份,14.63,14.7,14.5,14.6,14.53,0.1,
2012-10-11,'601700,风范股份,14.53,14.81,14.52,14.81,14.79,-0.26,
2012-10-10,'601700,风范股份,14.79,14.81,14.62,14.7,14.72,0.07,
2012-10-09,'601700,风范股份,14.72,14.75,14.47,14.47,14.48,0.24,
2012-10-08,'601700,风范股份,14.48,14.63,14.41,14.45,14.5,-0.02,
2012-09-28,'601700,风范股份,14.5,14.5,14.25,14.35,14.36,0.14,
2012-09-27,'601700,风范股份,14.36,14.5,14.05,14.05,14.1,0.26,
2012-09-26,'601700,风范股份,14.1,14.42,14.08,14.42,14.43,-0.33,
2012-09-25,'601700,风范股份,14.43,14.49,14.3,14.34,14.44,-0.01,
2012-09-24,'601700,风范股份,14.44,14.51,14.21,14.36,14.44,0.0,
2012-09-21,'601700,风范股份,14.44,14.55,14.37,14.41,14.43,0.01,
2012-09-20,'601700,风范股份,14.43,14.77,14.4,14.76,14.83,-0.4,
2012-09-19,'601700,风范股份,14.83,14.88,14.69,14.74,14.71,0.12,
2012-09-18,'601700,风范股份,14.71,14.98,14.67,14.96,15.0,-0.29,
2012-09-17,'601700,风范股份,15.0,15.43,15.0,15.4,15.4,-0.4,
2012-09-14,'601700,风范股份,15.4,15.45,15.11,15.38,15.25,0.15,
2012-09-13,'601700,风范股份,15.25,15.66,15.21,15.66,15.52,-0.27,
2012-09-12,'601700,风范股份,15.52,15.66,15.38,15.6,15.59,-0.07,
2012-09-11,'601700,风范股份,15.59,15.6,15.17,15.22,15.32,0.27,
2012-09-10,'601700,风范股份,15.32,15.47,15.2,15.37,15.37,-0.05,
2012-09-07,'601700,风范股份,15.37,15.61,14.99,15.02,14.99,0.38,
2012-09-06,'601700,风范股份,14.99,14.99,14.88,14.94,14.81,0.18,
2012-09-05,'601700,风范股份,14.81,14.83,14.62,14.62,14.69,0.12,
2012-09-04,'601700,风范股份,14.69,14.92,14.66,14.76,14.8,-0.11,
2012-09-03,'601700,风范股份,14.8,14.88,14.36,14.54,14.54,0.26,
2012-08-31,'601700,风范股份,14.54,14.67,14.43,14.43,14.55,-0.01,
2012-08-30,'601700,风范股份,14.55,14.83,14.35,14.7,14.79,-0.24,
2012-08-29,'601700,风范股份,14.79,15.04,14.69,14.73,14.73,0.06,
2012-08-28,'601700,风范股份,14.73,14.85,14.59,14.59,14.63,0.1,
2012-08-27,'601700,风范股份,14.63,14.75,14.52,14.72,14.77,-0.14,
2012-08-24,'601700,风范股份,14.77,15.19,14.76,15.19,15.19,-0.42,
2012-08-23,'601700,风范股份,15.19,15.23,14.79,14.96,14.93,0.26,
2012-08-22,'601700,风范股份,14.93,15.15,14.82,15.03,15.09,-0.16,
2012-08-21,'601700,风范股份,15.09,15.16,14.9,15.02,15.0,0.09,
2012-08-20,'601700,风范股份,15.0,15.19,14.75,15.15,15.08,-0.08,
2012-08-17,'601700,风范股份,15.08,15.1,14.67,14.78,14.81,0.27,
2012-08-16,'601700,风范股份,14.81,14.95,14.62,14.64,14.84,-0.03,
2012-08-15,'601700,风范股份,14.84,14.95,14.72,14.72,14.82,0.02,
2012-08-14,'601700,风范股份,14.82,14.87,14.5,14.76,14.76,0.06,
2012-08-13,'601700,风范股份,14.76,15.15,14.75,15.1,15.19,-0.43,
2012-08-10,'601700,风范股份,15.19,15.49,14.81,14.9,14.92,0.27,
2012-08-09,'601700,风范股份,14.92,14.94,14.62,14.63,14.76,0.16,
2012-08-08,'601700,风范股份,14.76,14.9,14.65,14.77,14.8,-0.04,
2012-08-07,'601700,风范股份,14.8,14.95,14.71,14.95,14.8,0.0,
2012-08-06,'601700,风范股份,14.8,14.86,14.37,14.37,14.4,0.4,
2012-08-03,'601700,风范股份,14.4,14.47,14.18,14.19,14.1,0.3,
2012-08-02,'601700,风范股份,14.1,14.39,14.06,14.23,14.32,-0.22,
2012-08-01,'601700,风范股份,14.32,14.39,14.06,14.3,14.12,0.2,
2012-07-31,'601700,风范股份,14.12,14.43,14.01,14.43,14.49,-0.37,
2012-07-30,'601700,风范股份,14.49,14.64,14.41,14.58,14.48,0.01,
2012-07-27,'601700,风范股份,14.48,14.52,14.35,14.39,14.39,0.09,
2012-07-26,'601700,风范股份,14.39,14.53,14.36,14.48,14.39,0.0,
2012-07-25,'601700,风范股份,14.39,14.44,14.2,14.35,14.33,0.06,
2012-07-24,'601700,风范股份,14.33,14.5,14.11,14.11,14.25,0.08,
2012-07-23,'601700,风范股份,14.25,14.35,14.05,14.28,14.35,-0.1,
2012-07-20,'601700,风范股份,14.35,14.57,14.31,14.39,14.46,-0.11,
2012-07-19,'601700,风范股份,14.46,14.6,14.34,14.34,14.38,0.08,
2012-07-18,'601700,风范股份,14.38,14.39,14.1,14.2,14.2,0.18,
2012-07-17,'601700,风范股份,14.2,14.44,13.85,14.43,14.47,-0.27,
2012-07-16,'601700,风范股份,14.47,14.95,14.46,14.86,14.95,-0.48,
2012-07-13,'601700,风范股份,14.95,15.08,14.7,14.82,14.85,0.1,
2012-07-12,'601700,风范股份,14.85,14.93,14.44,14.53,14.67,0.18,
2012-07-11,'601700,风范股份,14.67,14.93,14.51,14.93,14.93,-0.26,
2012-07-10,'601700,风范股份,14.93,15.15,14.86,15.14,14.85,0.08,
2012-07-09,'601700,风范股份,14.85,15.16,14.71,14.9,14.81,0.04,
2012-07-06,'601700,风范股份,14.81,14.86,14.36,14.61,14.57,0.24,
2012-07-05,'601700,风范股份,14.57,15.19,14.51,15.19,15.1,-0.53,
2012-07-04,'601700,风范股份,15.1,15.18,14.94,14.96,15.0,0.1,
2012-07-03,'601700,风范股份,15.0,15.26,14.96,15.08,15.04,-0.04,
2012-07-02,'601700,风范股份,15.04,15.49,14.95,15.47,15.05,-0.01,
2012-06-29,'601700,风范股份,0.0,0.0,0.0,0.0,15.05,None,
2012-06-28,'601700,风范股份,15.05,15.98,14.8,15.85,15.84,-0.79,
2012-06-27,'601700,风范股份,15.84,16.15,15.73,15.91,16.0,-0.16,
2012-06-26,'601700,风范股份,16.0,16.01,15.58,15.6,15.71,0.29,
2012-06-25,'601700,风范股份,15.71,15.82,15.41,15.51,15.49,0.22,
2012-06-21,'601700,风范股份,15.49,15.6,15.32,15.42,15.43,0.06,
2012-06-20,'601700,风范股份,15.43,15.59,15.42,15.44,15.42,0.01,
2012-06-19,'601700,风范股份,15.42,15.51,15.31,15.49,15.51,-0.09,
2012-06-18,'601700,风范股份,15.51,15.68,15.41,15.56,15.45,0.06,
2012-06-15,'601700,风范股份,15.45,15.87,15.4,15.7,15.93,-0.48,
2012-06-14,'601700,风范股份,15.93,16.8,15.56,15.62,15.32,0.61,
2012-06-13,'601700,风范股份,15.32,15.46,15.0,15.0,14.97,0.35,
2012-06-12,'601700,风范股份,14.97,15.03,14.85,14.98,15.03,-0.06,
2012-06-11,'601700,XD风范股,15.03,15.04,14.68,14.9,14.76,0.27,
2012-06-08,'601700,风范股份,14.96,15.25,14.91,15.25,15.06,-0.1,
2012-06-07,'601700,风范股份,15.06,15.28,15.01,15.14,15.03,0.03,
2012-06-06,'601700,风范股份,15.03,15.15,14.92,15.15,14.99,0.04,
2012-06-05,'601700,风范股份,14.99,15.28,14.94,15.02,15.02,-0.03,
2012-06-04,'601700,风范股份,15.02,15.46,15.0,15.46,15.7,-0.68,
2012-06-01,'601700,风范股份,15.7,15.88,15.52,15.55,15.32,0.38,
2012-05-31,'601700,风范股份,15.32,15.37,15.0,15.3,15.37,-0.05,
2012-05-30,'601700,风范股份,15.37,15.51,15.27,15.45,15.45,-0.08,
2012-05-29,'601700,风范股份,15.45,15.6,15.2,15.21,15.29,0.16,
2012-05-28,'601700,风范股份,15.29,15.5,14.65,15.5,15.67,-0.38,
2012-05-25,'601700,风范股份,0.0,0.0,0.0,0.0,15.67,None,
2012-05-24,'601700,风范股份,15.67,15.76,15.45,15.5,15.49,0.18,
2012-05-23,'601700,风范股份,15.49,15.79,15.48,15.79,15.82,-0.33,
2012-05-22,'601700,风范股份,15.82,15.85,15.48,15.66,15.53,0.29,
2012-05-21,'601700,风范股份,15.53,15.76,15.36,15.6,15.56,-0.03,
2012-05-18,'601700,风范股份,15.56,16.11,15.55,16.01,16.12,-0.56,
2012-05-17,'601700,风范股份,16.12,16.23,15.86,16.09,16.0,0.12,
2012-05-16,'601700,风范股份,16.0,16.24,15.86,16.16,16.11,-0.11,
2012-05-15,'601700,风范股份,16.11,16.15,15.51,15.61,15.82,0.29,
2012-05-14,'601700,风范股份,15.82,16.18,15.79,16.08,16.0,-0.18,
2012-05-11,'601700,风范股份,16.0,16.35,15.98,16.23,16.19,-0.19,
2012-05-10,'601700,风范股份,16.19,16.3,16.08,16.1,16.12,0.07,
2012-05-09,'601700,风范股份,16.12,16.5,16.05,16.5,16.55,-0.43,
2012-05-08,'601700,风范股份,16.55,16.84,16.4,16.84,16.85,-0.3,
2012-05-07,'601700,风范股份,16.85,16.97,16.23,16.23,16.46,0.39,
2012-05-04,'601700,风范股份,16.46,16.51,16.13,16.35,16.29,0.17,
2012-05-03,'601700,风范股份,16.29,16.42,16.11,16.29,16.29,0.0,
2012-05-02,'601700,风范股份,16.29,16.55,16.18,16.19,16.16,0.13,
2012-04-27,'601700,风范股份,16.16,16.5,15.29,15.29,15.23,0.93,
2012-04-26,'601700,风范股份,15.23,15.28,15.06,15.1,15.09,0.14,
2012-04-25,'601700,风范股份,15.09,15.14,14.88,15.02,15.02,0.07,
2012-04-24,'601700,风范股份,15.02,15.31,14.76,15.0,15.8,-0.78,
2012-04-23,'601700,风范股份,15.8,16.04,15.65,15.65,15.65,0.15,
2012-04-20,'601700,风范股份,15.65,15.67,15.36,15.48,15.49,0.16,
2012-04-19,'601700,风范股份,15.49,15.57,15.37,15.48,15.47,0.02,
2012-04-18,'601700,风范股份,15.47,15.5,15.09,15.09,15.06,0.41,
2012-04-17,'601700,风范股份,15.06,15.52,15.05,15.45,15.41,-0.35,
2012-04-16,'601700,风范股份,15.41,15.57,15.22,15.38,15.42,-0.01,
2012-04-13,'601700,风范股份,15.42,15.58,15.18,15.18,15.19,0.23,
2012-04-12,'601700,风范股份,15.19,15.28,14.87,15.15,14.97,0.22,
2012-04-11,'601700,风范股份,14.97,15.15,14.5,14.88,14.98,-0.01,
2012-04-10,'601700,风范股份,14.98,15.02,14.5,14.6,14.67,0.31,
2012-04-09,'601700,风范股份,14.67,14.87,14.54,14.55,14.72,-0.05,
2012-04-06,'601700,风范股份,14.72,14.86,14.58,14.69,14.7,0.02,
2012-04-05,'601700,风范股份,14.7,14.72,14.11,14.11,14.28,0.42,
2012-03-30,'601700,风范股份,14.28,14.4,14.21,14.32,14.32,-0.04,
2012-03-29,'601700,风范股份,14.32,14.57,14.08,14.5,14.54,-0.22,
2012-03-28,'601700,风范股份,14.54,15.57,14.42,15.53,15.54,-1.0,
2012-03-27,'601700,风范股份,15.54,15.7,15.53,15.62,15.55,-0.01,
2012-03-26,'601700,风范股份,15.55,15.67,15.36,15.62,15.51,0.04,
2012-03-23,'601700,风范股份,15.51,15.86,15.44,15.86,15.85,-0.34,
2012-03-22,'601700,风范股份,15.85,16.08,15.8,15.85,15.85,0.0,
2012-03-21,'601700,风范股份,15.85,15.9,15.52,15.6,15.58,0.27,
2012-03-20,'601700,风范股份,15.58,16.02,15.57,16.01,16.1,-0.52,
2012-03-19,'601700,风范股份,16.1,16.11,15.72,15.86,15.85,0.25,
2012-03-16,'601700,风范股份,15.85,15.88,15.45,15.53,15.52,0.33,
2012-03-15,'601700,风范股份,15.52,16.11,15.23,15.99,15.99,-0.47,
2012-03-14,'601700,风范股份,15.99,17.16,15.92,17.14,16.96,-0.97,
2012-03-13,'601700,风范股份,16.96,16.99,16.53,16.58,16.59,0.37,
2012-03-12,'601700,风范股份,16.59,16.75,16.39,16.67,16.6,-0.01,
2012-03-09,'601700,风范股份,16.6,16.61,16.23,16.25,16.2,0.4,
2012-03-08,'601700,风范股份,16.2,16.25,16.06,16.08,16.0,0.2,
2012-03-07,'601700,风范股份,16.0,16.28,15.8,15.91,16.1,-0.1,
2012-03-06,'601700,风范股份,16.1,16.44,16.09,16.42,16.49,-0.39,
2012-03-05,'601700,风范股份,16.49,16.75,16.41,16.69,16.57,-0.08,
2012-03-02,'601700,风范股份,16.57,16.69,16.35,16.35,16.3,0.27,
2012-03-01,'601700,风范股份,16.3,16.4,16.15,16.2,16.2,0.1,
2012-02-29,'601700,风范股份,16.2,16.46,16.16,16.27,16.31,-0.11,
2012-02-28,'601700,风范股份,16.31,16.52,16.01,16.5,16.54,-0.23,
2012-02-27,'601700,风范股份,16.54,16.9,16.52,16.8,16.75,-0.21,
2012-02-24,'601700,风范股份,16.75,17.16,16.66,16.69,16.45,0.3,
2012-02-23,'601700,风范股份,16.45,16.48,16.08,16.26,16.21,0.24,
2012-02-22,'601700,风范股份,16.21,16.26,15.9,15.91,15.94,0.27,
2012-02-21,'601700,风范股份,15.94,15.97,15.56,15.79,15.86,0.08,
2012-02-20,'601700,风范股份,15.86,16.36,15.82,16.27,16.05,-0.19,
2012-02-17,'601700,风范股份,16.05,16.39,15.89,16.25,16.4,-0.35,
2012-02-16,'601700,风范股份,16.4,16.82,15.71,15.93,15.89,0.51,
2012-02-15,'601700,风范股份,15.89,16.18,15.6,16.0,15.41,0.48,
2012-02-14,'601700,风范股份,15.41,15.54,15.26,15.4,15.57,-0.16,
2012-02-13,'601700,风范股份,15.57,15.68,14.85,15.01,15.07,0.5,
2012-02-10,'601700,风范股份,15.07,15.19,15.0,15.01,15.0,0.07,
2012-02-09,'601700,风范股份,15.0,15.22,14.92,14.93,14.9,0.1,
2012-02-08,'601700,风范股份,14.9,14.97,14.5,14.6,14.58,0.32,
2012-02-07,'601700,风范股份,14.58,14.88,14.55,14.78,14.94,-0.36,
2012-02-06,'601700,风范股份,14.94,14.96,14.7,14.88,14.73,0.21,
2012-02-03,'601700,风范股份,14.73,14.8,14.3,14.33,14.4,0.33,
2012-02-02,'601700,风范股份,14.4,14.4,14.09,14.22,14.21,0.19,
2012-02-01,'601700,风范股份,14.21,14.35,14.04,14.09,14.08,0.13,
2012-01-31,'601700,风范股份,14.08,14.27,13.9,14.27,14.31,-0.23,
2012-01-30,'601700,风范股份,14.31,14.48,14.09,14.2,14.26,0.05,
2012-01-20,'601700,风范股份,14.26,14.27,13.75,13.95,14.1,0.16,
2012-01-19,'601700,风范股份,14.1,14.5,14.04,14.48,14.92,-0.82,
2012-01-18,'601700,风范股份,14.92,15.18,14.6,15.18,15.13,-0.21,
2012-01-17,'601700,风范股份,15.13,15.29,14.31,14.5,14.5,0.63,
2012-01-16,'601700,风范股份,14.5,14.88,14.43,14.81,15.01,-0.51,
2012-01-13,'601700,风范股份,15.01,15.83,14.91,15.55,15.72,-0.71,
2012-01-12,'601700,风范股份,15.72,16.36,15.71,16.33,16.12,-0.4,
2012-01-11,'601700,风范股份,16.12,16.14,15.5,15.7,15.76,0.36,
2012-01-10,'601700,风范股份,15.76,15.89,14.75,14.98,15.05,0.71,
2012-01-09,'601700,风范股份,15.05,15.15,14.33,14.39,14.4,0.65,
2012-01-06,'601700,风范股份,14.4,14.44,13.87,14.3,14.33,0.07,
2012-01-05,'601700,风范股份,14.33,15.33,14.31,15.01,15.26,-0.93,
2012-01-04,'601700,风范股份,15.26,16.02,15.25,15.9,15.76,-0.5,
2011-12-30,'601700,风范股份,15.76,15.79,15.56,15.59,15.59,0.17,
2011-12-29,'601700,风范股份,15.59,15.83,15.5,15.5,15.55,0.04,
2011-12-28,'601700,风范股份,15.55,15.99,15.23,15.99,15.96,-0.41,
2011-12-27,'601700,风范股份,15.96,16.73,15.88,16.73,16.7,-0.74,
2011-12-26,'601700,风范股份,16.7,17.11,16.6,16.95,17.05,-0.35,
2011-12-23,'601700,风范股份,17.05,18.4,17.0,18.09,17.96,-0.91,
2011-12-22,'601700,风范股份,17.96,18.5,17.5,18.23,18.94,-0.98,
2011-12-21,'601700,风范股份,18.94,20.35,18.6,20.35,20.63,-1.69,
2011-12-20,'601700,风范股份,20.63,22.98,20.44,22.8,22.71,-2.08,
2011-12-19,'601700,风范股份,22.71,22.9,22.12,22.9,22.8,-0.09,
2011-12-16,'601700,风范股份,22.8,23.49,22.23,22.35,22.51,0.29,
2011-12-15,'601700,风范股份,22.51,22.58,21.62,22.03,22.26,0.25,
2011-12-14,'601700,风范股份,22.26,22.34,21.52,21.8,22.01,0.25,
2011-12-13,'601700,风范股份,22.01,23.0,21.85,23.0,23.08,-1.07,
2011-12-12,'601700,风范股份,23.08,23.82,22.93,23.65,23.34,-0.26,
2011-12-09,'601700,风范股份,23.34,23.85,22.82,23.05,23.35,-0.01,
2011-12-08,'601700,风范股份,23.35,24.0,22.11,22.6,22.4,0.95,
2011-12-07,'601700,风范股份,22.4,22.67,21.84,22.67,22.51,-0.11,
2011-12-06,'601700,风范股份,22.51,23.16,22.21,22.85,22.62,-0.11,
2011-12-05,'601700,风范股份,22.62,23.07,22.0,22.76,22.54,0.08,
2011-12-02,'601700,风范股份,22.54,23.0,21.73,22.45,22.37,0.17,
2011-12-01,'601700,风范股份,22.37,23.18,21.23,21.55,21.16,1.21,
2011-11-30,'601700,风范股份,21.16,21.23,20.45,21.05,21.23,-0.07,
2011-11-29,'601700,风范股份,21.23,21.31,20.99,21.31,21.03,0.2,
2011-11-28,'601700,风范股份,21.03,21.48,20.97,21.28,21.28,-0.25,
2011-11-25,'601700,风范股份,21.28,21.75,21.1,21.61,21.61,-0.33,
2011-11-24,'601700,风范股份,21.61,21.69,21.15,21.15,21.34,0.27,
2011-11-23,'601700,风范股份,21.34,21.64,20.22,20.4,20.27,1.07,
2011-11-22,'601700,风范股份,20.27,20.35,20.18,20.35,20.45,-0.18,
2011-11-21,'601700,风范股份,20.45,20.5,20.21,20.21,20.5,-0.05,
2011-11-18,'601700,风范股份,20.5,21.1,20.5,21.1,21.16,-0.66,
2011-11-17,'601700,风范股份,21.16,21.43,21.09,21.25,21.2,-0.04,
2011-11-16,'601700,风范股份,21.2,21.86,21.0,21.56,21.52,-0.32,
2011-11-15,'601700,风范股份,21.52,21.69,21.31,21.31,21.3,0.22,
2011-11-14,'601700,风范股份,21.3,21.3,20.72,20.75,20.66,0.64,
2011-11-11,'601700,风范股份,20.66,20.79,20.5,20.64,20.67,-0.01,
2011-11-10,'601700,风范股份,20.67,20.84,20.55,20.76,20.9,-0.23,
2011-11-09,'601700,风范股份,20.9,20.9,20.58,20.89,20.78,0.12,
2011-11-08,'601700,风范股份,20.78,21.06,20.75,21.0,21.02,-0.24,
2011-11-07,'601700,风范股份,21.02,21.21,20.94,21.13,21.08,-0.06,
2011-11-04,'601700,风范股份,21.08,21.27,20.91,21.2,21.07,0.01,
2011-11-03,'601700,风范股份,21.07,21.31,20.74,20.88,20.7,0.37,
2011-11-02,'601700,风范股份,20.7,20.7,20.08,20.47,20.58,0.12,
2011-11-01,'601700,风范股份,20.58,20.69,20.47,20.69,20.74,-0.16,
2011-10-31,'601700,风范股份,20.74,20.76,20.5,20.58,20.51,0.23,
2011-10-28,'601700,风范股份,20.51,20.59,20.29,20.4,20.32,0.19,
2011-10-27,'601700,风范股份,20.32,20.65,20.15,20.65,20.46,-0.14,
2011-10-26,'601700,风范股份,20.46,20.68,20.06,20.21,20.57,-0.11,
2011-10-25,'601700,风范股份,20.57,20.58,19.72,20.02,20.85,-0.28,
2011-10-24,'601700,风范股份,20.85,20.91,20.31,20.77,20.76,0.09,
2011-10-21,'601700,风范股份,20.76,21.29,20.75,20.81,20.99,-0.23,
2011-10-20,'601700,风范股份,20.99,21.66,20.96,21.46,21.52,-0.53,
2011-10-19,'601700,风范股份,21.52,21.78,21.32,21.6,21.5,0.02,
2011-10-18,'601700,风范股份,21.5,22.07,21.47,21.96,22.1,-0.6,
2011-10-17,'601700,风范股份,22.1,22.14,21.89,21.91,21.89,0.21,
2011-10-14,'601700,风范股份,21.89,22.15,21.81,22.1,22.15,-0.26,
2011-10-13,'601700,风范股份,22.15,22.33,21.96,22.2,22.2,-0.05,
2011-10-12,'601700,风范股份,22.2,22.3,21.3,21.58,21.58,0.62,
2011-10-11,'601700,风范股份,21.58,22.09,21.55,21.97,21.6,-0.02,
2011-10-10,'601700,风范股份,21.6,21.98,21.57,21.87,21.57,0.03,
2011-09-30,'601700,风范股份,21.57,21.66,21.48,21.6,21.59,-0.02,
2011-09-29,'601700,风范股份,21.59,22.09,21.55,21.81,21.99,-0.4,
2011-09-28,'601700,风范股份,21.99,22.38,21.88,22.38,22.18,-0.19,
2011-09-27,'601700,风范股份,22.18,22.42,22.1,22.22,22.12,0.06,
2011-09-26,'601700,风范股份,22.12,22.49,22.04,22.25,22.36,-0.24,
2011-09-23,'601700,风范股份,22.36,22.39,22.01,22.01,22.51,-0.15,
2011-09-22,'601700,风范股份,22.51,23.28,22.4,23.28,23.3,-0.79,
2011-09-21,'601700,风范股份,23.3,23.32,22.74,22.86,22.88,0.42,
2011-09-20,'601700,风范股份,22.88,22.96,22.57,22.8,22.96,-0.08,
2011-09-19,'601700,风范股份,22.96,23.42,22.45,22.45,22.44,0.52,
2011-09-16,'601700,风范股份,22.44,22.69,22.32,22.67,22.43,0.01,
2011-09-15,'601700,风范股份,22.43,22.59,22.38,22.42,22.4,0.03,
2011-09-14,'601700,风范股份,22.4,22.4,22.05,22.28,22.09,0.31,
2011-09-13,'601700,风范股份,22.09,22.19,22.01,22.02,22.25,-0.16,
2011-09-09,'601700,风范股份,22.25,22.4,22.0,22.18,22.2,0.05,
2011-09-08,'601700,风范股份,22.2,22.8,22.0,22.77,22.54,-0.34,
2011-09-07,'601700,风范股份,22.54,22.56,22.11,22.11,22.11,0.43,
2011-09-06,'601700,风范股份,22.11,22.18,22.0,22.05,22.05,0.06,
2011-09-05,'601700,风范股份,22.05,22.3,22.0,22.3,22.4,-0.35,
2011-09-02,'601700,风范股份,22.4,22.83,22.3,22.8,22.72,-0.32,
2011-09-01,'601700,风范股份,22.72,22.87,22.6,22.73,22.73,-0.01,
2011-08-31,'601700,风范股份,22.73,22.96,22.55,22.78,22.78,-0.05,
2011-08-30,'601700,风范股份,22.78,23.27,22.76,23.06,23.04,-0.26,
2011-08-29,'601700,风范股份,23.04,23.22,22.95,23.0,23.23,-0.19,
2011-08-26,'601700,风范股份,23.23,23.28,22.85,23.06,23.06,0.17,
2011-08-25,'601700,风范股份,23.06,23.09,22.51,22.51,22.51,0.55,
2011-08-24,'601700,风范股份,22.51,22.84,22.49,22.61,22.61,-0.1,
2011-08-23,'601700,风范股份,22.61,22.63,22.22,22.22,22.21,0.4,
2011-08-22,'601700,风范股份,22.21,22.42,22.01,22.01,22.16,0.05,
2011-08-19,'601700,风范股份,22.16,22.23,21.92,22.18,22.47,-0.31,
2011-08-18,'601700,风范股份,22.47,23.15,22.39,23.14,23.13,-0.66,
2011-08-17,'601700,风范股份,23.13,23.48,23.11,23.48,23.31,-0.18,
2011-08-16,'601700,风范股份,23.31,23.45,23.1,23.31,23.28,0.03,
2011-08-15,'601700,风范股份,23.28,23.33,22.89,23.02,23.02,0.26,
2011-08-12,'601700,风范股份,23.02,23.29,22.81,22.81,22.74,0.28,
2011-08-11,'601700,风范股份,22.74,22.76,21.8,21.99,22.53,0.21,
2011-08-10,'601700,风范股份,22.53,22.88,22.37,22.6,22.24,0.29,
2011-08-09,'601700,风范股份,22.24,22.4,21.56,22.1,22.78,-0.54,
2011-08-08,'601700,风范股份,22.78,23.89,22.5,23.19,23.6,-0.82,
2011-08-05,'601700,风范股份,23.6,23.69,22.61,22.88,23.28,0.32,
2011-08-04,'601700,风范股份,23.28,23.48,23.16,23.3,23.29,-0.01,
2011-08-03,'601700,风范股份,23.29,23.35,22.85,23.18,23.28,0.01,
2011-08-02,'601700,风范股份,23.28,23.7,22.81,23.5,24.24,-0.96,
2011-08-01,'601700,风范股份,24.24,24.28,23.81,23.81,23.79,0.45,
2011-07-29,'601700,风范股份,23.79,24.09,23.5,23.75,23.99,-0.2,
2011-07-28,'601700,风范股份,23.99,24.0,23.61,23.75,23.92,0.07,
2011-07-27,'601700,风范股份,23.92,23.96,23.4,23.58,23.66,0.26,
2011-07-26,'601700,风范股份,23.66,23.94,23.4,23.64,23.65,0.01,
2011-07-25,'601700,风范股份,23.65,25.09,23.63,25.01,25.14,-1.49,
2011-07-22,'601700,风范股份,25.14,25.44,25.07,25.44,25.3,-0.16,
2011-07-21,'601700,风范股份,25.3,25.64,25.15,25.38,25.45,-0.15,
2011-07-20,'601700,风范股份,25.45,25.83,25.26,25.66,25.52,-0.07,
2011-07-19,'601700,风范股份,25.52,25.76,25.41,25.68,25.78,-0.26,
2011-07-18,'601700,风范股份,25.78,26.24,25.75,25.95,25.87,-0.09,
2011-07-15,'601700,风范股份,25.87,26.14,25.68,26.14,26.01,-0.14,
2011-07-14,'601700,风范股份,26.01,26.13,25.22,25.3,25.3,0.71,
2011-07-13,'601700,风范股份,25.3,25.33,24.7,24.85,24.87,0.43,
2011-07-12,'601700,风范股份,24.87,25.48,24.7,24.78,24.8,0.07,
2011-07-11,'601700,风范股份,24.8,24.84,24.56,24.7,24.84,-0.04,
2011-07-08,'601700,风范股份,24.84,25.23,24.78,25.1,25.1,-0.26,
2011-07-07,'601700,风范股份,25.1,25.46,24.92,25.0,25.04,0.06,
2011-07-06,'601700,风范股份,25.04,25.18,24.69,25.18,25.19,-0.15,
2011-07-05,'601700,风范股份,25.19,25.25,24.81,24.81,24.94,0.25,
2011-07-04,'601700,风范股份,24.94,24.97,24.6,24.6,24.54,0.4,
2011-07-01,'601700,风范股份,24.54,24.7,24.48,24.67,24.6,-0.06,
2011-06-30,'601700,风范股份,24.6,24.61,24.11,24.23,24.19,0.41,
2011-06-29,'601700,风范股份,24.19,24.66,24.18,24.52,24.62,-0.43,
2011-06-28,'601700,风范股份,24.62,24.78,24.39,24.72,24.77,-0.15,
2011-06-27,'601700,风范股份,24.77,25.09,24.36,24.36,24.77,0.0,
2011-06-24,'601700,风范股份,24.77,24.81,23.91,24.44,24.5,0.27,
2011-06-23,'601700,风范股份,24.5,25.95,24.48,25.3,25.33,-0.83,
2011-06-22,'601700,风范股份,25.33,25.65,24.24,24.9,25.34,-0.01,
2011-06-21,'601700,风范股份,25.34,25.5,23.18,23.2,23.18,2.16,
2011-06-20,'601700,风范股份,23.18,23.27,22.48,23.13,23.15,0.03,
2011-06-17,'601700,风范股份,23.15,23.3,22.88,23.2,23.12,0.03,
2011-06-16,'601700,风范股份,23.12,23.15,22.68,23.03,23.33,-0.21,
2011-06-15,'601700,风范股份,23.33,23.66,22.81,23.0,23.1,0.23,
2011-06-14,'601700,风范股份,23.1,23.15,22.43,22.45,22.45,0.65,
2011-06-13,'601700,风范股份,22.45,22.58,22.11,22.41,22.61,-0.16,
2011-06-10,'601700,风范股份,22.61,22.7,22.15,22.41,22.57,0.04,
2011-06-09,'601700,风范股份,22.57,23.08,22.53,22.78,23.03,-0.46,
2011-06-08,'601700,风范股份,23.03,23.29,22.7,23.29,23.1,-0.07,
2011-06-07,'601700,风范股份,23.1,23.15,22.82,22.82,23.04,0.06,
2011-06-03,'601700,风范股份,23.04,23.1,22.51,22.63,22.73,0.31,
2011-06-02,'601700,风范股份,22.73,22.85,22.31,22.55,22.85,-0.12,
2011-06-01,'601700,风范股份,22.85,22.9,22.66,22.68,22.78,0.07,
2011-05-31,'601700,风范股份,22.78,22.88,22.24,22.25,22.24,0.54,
2011-05-30,'601700,风范股份,22.24,22.71,22.11,22.5,22.5,-0.26,
2011-05-27,'601700,风范股份,22.5,22.98,22.48,22.92,22.92,-0.42,
2011-05-26,'601700,风范股份,22.92,23.6,22.91,23.4,23.22,-0.3,
2011-05-25,'601700,风范股份,23.22,23.7,23.18,23.5,23.72,-0.5,
2011-05-24,'601700,风范股份,23.72,23.96,23.18,23.91,23.98,-0.26,
2011-05-23,'601700,风范股份,23.98,25.1,23.97,25.06,25.12,-1.14,
2011-05-20,'601700,风范股份,25.12,25.2,24.92,25.2,25.06,0.06,
2011-05-19,'601700,风范股份,25.06,25.53,25.05,25.4,25.46,-0.4,
2011-05-18,'601700,风范股份,25.46,25.65,25.31,25.55,25.58,-0.12,
2011-05-17,'601700,风范股份,25.58,25.68,25.38,25.52,25.38,0.2,
2011-05-16,'601700,XD风范股,25.38,25.67,25.3,25.67,25.71,-0.33,
2011-05-13,'601700,风范股份,26.06,26.09,25.65,25.86,25.85,0.21,
2011-05-12,'601700,风范股份,25.85,25.98,25.76,25.9,26.02,-0.17,
2011-05-11,'601700,风范股份,26.02,26.14,25.85,25.9,25.85,0.17,
2011-05-10,'601700,风范股份,25.85,25.96,25.5,25.64,25.57,0.28,
2011-05-09,'601700,风范股份,25.57,25.71,25.45,25.53,25.47,0.1,
2011-05-06,'601700,风范股份,25.47,25.75,25.4,25.61,25.63,-0.16,
2011-05-05,'601700,风范股份,25.63,25.83,25.3,25.53,25.39,0.24,
2011-05-04,'601700,风范股份,25.39,25.74,25.37,25.53,25.65,-0.26,
2011-05-03,'601700,风范股份,25.65,25.77,25.31,25.31,25.47,0.18,
2011-04-29,'601700,风范股份,25.47,25.76,25.24,25.25,25.21,0.26,
2011-04-28,'601700,风范股份,25.21,25.75,25.2,25.6,25.6,-0.39,
2011-04-27,'601700,风范股份,25.6,26.55,25.41,26.41,26.35,-0.75,
2011-04-26,'601700,风范股份,26.35,26.65,26.28,26.49,26.54,-0.19,
2011-04-25,'601700,风范股份,26.54,27.29,26.51,27.25,27.2,-0.66,
2011-04-22,'601700,风范股份,27.2,27.29,27.11,27.28,27.32,-0.12,
2011-04-21,'601700,风范股份,27.32,27.34,27.17,27.19,27.09,0.23,
2011-04-20,'601700,风范股份,0.0,0.0,0.0,0.0,27.09,None,
2011-04-19,'601700,风范股份,27.09,27.4,27.0,27.4,27.44,-0.35,
2011-04-18,'601700,风范股份,27.44,27.9,27.2,27.2,27.98,-0.54,
2011-04-15,'601700,风范股份,27.98,28.26,27.97,28.12,28.12,-0.14,
2011-04-14,'601700,风范股份,28.12,28.33,28.06,28.3,28.26,-0.14,
2011-04-13,'601700,风范股份,28.26,28.27,27.89,28.0,28.24,0.02,
2011-04-12,'601700,风范股份,28.24,28.36,28.08,28.09,28.11,0.13,
2011-04-11,'601700,风范股份,28.11,28.65,27.48,28.52,28.52,-0.41,
2011-04-08,'601700,风范股份,28.52,28.54,28.3,28.4,28.4,0.12,
2011-04-07,'601700,风范股份,28.4,28.44,28.19,28.3,28.3,0.1,
2011-04-06,'601700,风范股份,28.3,28.44,28.13,28.4,28.46,-0.16,
2011-04-01,'601700,风范股份,28.46,28.5,28.2,28.36,28.34,0.12,
2011-03-31,'601700,风范股份,28.34,28.49,28.18,28.28,28.24,0.1,
2011-03-30,'601700,风范股份,28.24,28.96,28.13,28.88,29.15,-0.91,
2011-03-29,'601700,风范股份,29.15,30.3,29.13,30.3,30.19,-1.04,
2011-03-28,'601700,风范股份,30.19,30.29,29.86,30.1,29.95,0.24,
2011-03-25,'601700,风范股份,29.95,30.17,29.81,30.0,29.89,0.06,
2011-03-24,'601700,风范股份,29.89,30.18,29.79,30.05,30.09,-0.2,
2011-03-23,'601700,风范股份,30.09,30.2,29.58,29.59,29.54,0.55,
2011-03-22,'601700,风范股份,29.54,29.79,29.31,29.31,29.26,0.28,
2011-03-21,'601700,风范股份,29.26,29.85,29.21,29.7,29.71,-0.45,
2011-03-18,'601700,风范股份,29.71,29.99,29.54,29.75,29.54,0.17,
2011-03-17,'601700,风范股份,29.54,29.99,29.26,29.33,29.53,0.01,
2011-03-16,'601700,风范股份,29.53,29.64,29.22,29.43,29.49,0.04,
2011-03-15,'601700,风范股份,29.49,29.55,28.81,29.25,29.24,0.25,
2011-03-14,'601700,风范股份,29.24,29.25,28.9,29.15,29.15,0.09,
2011-03-11,'601700,风范股份,29.15,29.29,29.01,29.19,29.17,-0.02,
2011-03-10,'601700,风范股份,29.17,29.35,28.9,28.97,28.9,0.27,
2011-03-09,'601700,风范股份,0.0,0.0,0.0,0.0,28.9,None,
2011-03-08,'601700,风范股份,28.9,29.16,28.88,29.12,29.14,-0.24,
2011-03-07,'601700,风范股份,29.14,29.16,28.93,29.06,29.02,0.12,
2011-03-04,'601700,风范股份,29.02,29.06,28.71,28.71,28.7,0.32,
2011-03-03,'601700,风范股份,28.7,29.18,28.7,29.05,29.08,-0.38,
2011-03-02,'601700,风范股份,29.08,29.3,28.87,29.21,29.35,-0.27,
2011-03-01,'601700,风范股份,29.35,29.48,29.2,29.3,29.34,0.01,
2011-02-28,'601700,风范股份,29.34,29.37,28.91,28.91,28.91,0.43,
2011-02-25,'601700,风范股份,28.91,29.05,28.67,28.9,29.05,-0.14,
2011-02-24,'601700,风范股份,29.05,29.1,28.77,28.85,28.89,0.16,
2011-02-23,'601700,风范股份,28.89,29.01,28.66,28.7,28.85,0.04,
2011-02-22,'601700,风范股份,28.85,29.9,28.8,29.76,29.73,-0.88,
2011-02-21,'601700,风范股份,29.73,29.75,29.26,29.36,29.44,0.29,
2011-02-18,'601700,风范股份,29.44,29.94,29.38,29.6,29.75,-0.31,
2011-02-17,'601700,风范股份,29.75,30.2,29.4,30.07,30.07,-0.32,
2011-02-16,'601700,风范股份,30.07,30.2,29.3,29.3,29.32,0.75,
2011-02-15,'601700,风范股份,29.32,29.74,29.29,29.74,29.58,-0.26,
2011-02-14,'601700,风范股份,29.58,29.8,29.16,29.25,29.22,0.36,
2011-02-11,'601700,风范股份,29.22,29.5,29.0,29.05,29.17,0.05,
2011-02-10,'601700,风范股份,29.17,29.23,27.91,28.09,28.05,1.12,
2011-02-09,'601700,风范股份,28.05,28.39,28.02,28.22,28.51,-0.46,
2011-02-01,'601700,风范股份,28.51,28.79,28.4,28.51,28.51,0.0,
2011-01-31,'601700,风范股份,28.51,28.72,28.1,28.32,28.34,0.17,
2011-01-28,'601700,风范股份,28.34,28.44,28.05,28.26,28.26,0.08,
2011-01-27,'601700,风范股份,28.26,28.49,27.52,27.77,27.97,0.29,
2011-01-26,'601700,风范股份,27.97,28.24,27.62,27.85,27.72,0.25,
2011-01-25,'601700,风范股份,27.72,29.0,27.51,28.71,29.13,-1.41,
2011-01-24,'601700,风范股份,29.13,30.57,28.9,30.25,30.46,-1.33,
2011-01-21,'601700,风范股份,30.46,30.95,29.75,30.3,30.77,-0.31,
2011-01-20,'601700,风范股份,30.77,31.56,29.53,29.67,30.09,0.68,
2011-01-19,'601700,风范股份,30.09,30.18,28.82,29.18,29.96,0.13,
2011-01-18,'601700,N风范,29.96,32.66,28.27,29.97,35.0,-5.04,
